id,mission_action_id,parameter_key,parameter_value,parameter_value_type,parameter_type,create_time,update_time
00280364-9a19-44d8-8888-57e764a8f871,b2cc49d0-dcac-11f0-a92f-0242ac110002,pathParamSetting,1,Integer,NORMAL_PARAMETER,2025-12-19 15:31:14,2025-12-19 15:31:14
00d25d51-c1c9-4914-81e4-f920680b9a33,9db60c0c-e61d-11f0-8548-0242ac110002,markerCode,14,String,NORMAL_PARAMETER,2025-12-31 15:52:12,2025-12-31 15:52:18
0122ff64-ce95-4fcf-ac1d-ab87e304af47,91928385-eacb-11f0-b6f4-0242ac110002,agvMapId,09ef6607-da25-11f0-b9ee-0242ac110002,String,NORMAL_PARAMETER,2026-01-06 14:47:29,2026-01-06 14:47:38
01231a9b-2630-4ad6-85e0-c0be310cb1d3,595f8f7a-dd51-11f0-905f-0242ac110002,agvMapId,09ef6607-da25-11f0-b9ee-0242ac110002,String,NORMAL_PARAMETER,2025-12-20 11:09:51,2025-12-20 15:13:28
0147a2b5-d9d2-44f5-a7e9-8f9ad55ea3a8,ffc517d2-dc84-11f0-a92f-0242ac110002,features_requested,,Integer,NORMAL_PARAMETER,2025-12-19 10:47:03,2025-12-19 10:47:13
019db3db-be02-4154-9d27-515f6ce89321,91928385-eacb-11f0-b6f4-0242ac110002,max_rotate_speed,,Double,NORMAL_PARAMETER,2026-01-06 14:47:29,2026-01-06 14:47:38
01c38554-fbc6-4d3b-aee9-3b4e793fe2d4,ee78f4bb-dc89-11f0-a92f-0242ac110002,D,,Double,NORMAL_PARAMETER,2025-12-19 11:22:22,2025-12-19 11:22:28
01da0050-fca4-432c-a4bb-42b28781eab8,3f6c6409-dcb5-11f0-a92f-0242ac110002,safety,1,Integer,NORMAL_PARAMETER,2025-12-19 16:32:26,2025-12-19 16:32:26
027642cc-691d-4774-99e3-9aad7d513d5f,3279b256-53f4-11f1-9b5e-0242ac110002,P,,Double,NORMAL_PARAMETER,2026-05-20 10:32:51,2026-05-20 10:33:00
0278801a-0eb2-4d99-9ffe-bef7aa45a266,c8471eeb-e071-11f0-8bc0-0242ac110002,agvMapId,281dcf03-e066-11f0-8bc0-0242ac110002,String,NORMAL_PARAMETER,2025-12-24 10:39:34,2025-12-24 12:47:38
02aad2e3-0516-4f14-bb9f-db75ed21243d,1832ffa7-53f4-11f1-9b5e-0242ac110002,fall_prevent,,Integer,NORMAL_PARAMETER,2026-05-20 10:32:07,2026-05-20 10:32:07
02e50a5b-e406-4398-8805-3e1bca23a598,ee78f4bb-dc89-11f0-a92f-0242ac110002,fall_prevent,,Integer,NORMAL_PARAMETER,2025-12-19 11:22:22,2025-12-19 11:22:28
0366fb03-b284-4119-a4c0-41b198fde7b5,caab7b0b-d973-11f0-af13-0242ac110002,max_rotate_speed,,Double,NORMAL_PARAMETER,2025-12-15 13:06:19,2025-12-15 13:06:19
03b9c46c-920e-41eb-bd19-af1871c5cfce,d268e5ba-e206-11f0-8a89-0242ac110002,max_rotate_speed,,Double,NORMAL_PARAMETER,2025-12-26 10:58:58,2025-12-26 10:59:02
03c50045-d45d-438d-b55f-2bd600204684,b31c84cb-dcac-11f0-a92f-0242ac110002,pathParamSetting,1,Integer,NORMAL_PARAMETER,2025-12-19 15:31:15,2025-12-19 15:31:15
03cb184e-a62f-47d2-b663-4d6a10d8241c,b9f656f0-dca1-11f0-a92f-0242ac110002,translation_acc,,Double,NORMAL_PARAMETER,2025-12-19 14:12:42,2025-12-19 14:12:42
04cc3639-b1bd-455a-8e32-eda3483af83b,46462261-53f4-11f1-9b5e-0242ac110002,P,,Double,NORMAL_PARAMETER,2026-05-20 10:33:24,2026-05-20 10:37:10
04d34206-5a02-445d-90dd-64a1b9a31419,3279b256-53f4-11f1-9b5e-0242ac110002,features_requested,,Integer,NORMAL_PARAMETER,2026-05-20 10:32:51,2026-05-20 10:33:00
050fd9d0-1792-45f7-be05-6be802cc3959,ca432784-d700-11f0-a620-0242ac110002,script_data,a,String,RUNTIME_PARAMETER,2025-12-12 10:18:04,2025-12-12 10:18:04
0528a026-6198-4120-99f7-cacabf6ad661,f1f7b834-dc86-11f0-a92f-0242ac110002,translation_acc,,Double,NORMAL_PARAMETER,2025-12-19 11:00:59,2025-12-19 11:01:04
05291a87-f1af-459f-ab46-258b60e92513,8b86b460-db25-11f0-bf4f-0242ac110002,script_data,"{
	""id"": ""1"",
	""operation_type"": ""PTZCONTROL"",
	""target"": ""MOS"",
	""operation_detail"": ""didao_fenzha"",
	""action_type"": ""111"",
	""operate_params"": {
		""marker"": ""1_1_2"",
		""pallet"": [""yuanfang"",""jiudi""],
		""safe_area"": """",
		""gripper_param"": {
			""recipe"": """"
		},
		""switch_rotate_param"": {},
		""discharge_param"": {
			""mode"": """"
		},
		""handcar_param"": {},
		""GroundSwtich_param"": {}
	}
}",String,NORMAL_PARAMETER,2025-12-17 16:51:15,2025-12-17 16:51:46
0541aa1f-508d-4d19-97ae-8bb607c23f3d,595f8f7a-dd51-11f0-905f-0242ac110002,safety,,Integer,NORMAL_PARAMETER,2025-12-20 11:09:51,2025-12-20 15:13:28
0564e940-445a-4bb2-8b52-1a926da3a72a,48994d4c-dd77-11f0-905f-0242ac110002,agvMapId,09ef6607-da25-11f0-b9ee-0242ac110002,String,NORMAL_PARAMETER,2025-12-20 15:41:24,2025-12-20 15:41:24
06081578-0a12-40f9-8f0e-b5469f98d94d,bab6955c-dae9-11f0-bf4f-0242ac110002,P,,Double,NORMAL_PARAMETER,2025-12-17 09:43:04,2025-12-17 09:43:04
06367989-3860-428b-b686-a0b6694d4dde,f48a2d3c-db25-11f0-bf4f-0242ac110002,operation,1,Integer,NORMAL_PARAMETER,2025-12-17 16:54:11,2025-12-17 16:54:11
06382bae-7bfc-4f28-8249-1b8700a2fd0d,bb2e4f31-dca1-11f0-a92f-0242ac110002,fall_prevent,,Integer,NORMAL_PARAMETER,2025-12-19 14:12:44,2025-12-19 14:12:54
06aa306e-3fc1-45ee-b848-88b7b837cd2a,bb2e4f31-dca1-11f0-a92f-0242ac110002,safety,,Integer,NORMAL_PARAMETER,2025-12-19 14:12:44,2025-12-19 14:12:54
06c232a9-f774-4697-8f0e-5eb10cbe6366,c8471eeb-e071-11f0-8bc0-0242ac110002,markerCode,3,String,NORMAL_PARAMETER,2025-12-24 10:39:34,2025-12-24 12:47:38
070587f5-3fad-43fc-820e-502f422bfc43,df1ac66a-e2fd-11f0-94b3-0242ac110002,translation_acc,0.5,Double,NORMAL_PARAMETER,2025-12-27 16:27:25,2025-12-27 16:27:25
07298b80-7d67-4b27-9d9e-73d5de404126,595f8f7a-dd51-11f0-905f-0242ac110002,max_translation_speed,,Double,NORMAL_PARAMETER,2025-12-20 11:09:51,2025-12-20 15:13:28
07480319-a8d2-41c1-a2d3-5e575e8876cf,595f8f7a-dd51-11f0-905f-0242ac110002,fall_prevent,,Integer,NORMAL_PARAMETER,2025-12-20 11:09:51,2025-12-20 15:13:28
075ad9be-a0d1-4ceb-972a-0e55f6c7dfef,b9f656f0-dca1-11f0-a92f-0242ac110002,markerCode,11,String,NORMAL_PARAMETER,2025-12-19 14:12:42,2025-12-19 14:12:42
07f013fb-f755-4615-820e-dd3164fb15a8,4bf83e47-db27-11f0-bf4f-0242ac110002,markerCode,2,String,NORMAL_PARAMETER,2025-12-17 17:03:47,2025-12-17 17:03:56
08104ea2-471e-4b6f-94c7-a8b4d47b164e,d10e03d5-e206-11f0-8a89-0242ac110002,max_rotate_speed,,Double,NORMAL_PARAMETER,2025-12-26 10:58:55,2025-12-26 10:58:55
0823d7c0-8604-452b-af2a-7978416fbed3,688208b0-d657-11f0-b2a8-0242ac110002,fall_prevent,,Integer,NORMAL_PARAMETER,2025-12-11 14:05:35,2025-12-13 14:08:58
08ab774a-4270-4096-b3d1-76fcc6acd4e9,9db60c0c-e61d-11f0-8548-0242ac110002,D,,Double,NORMAL_PARAMETER,2025-12-31 15:52:12,2025-12-31 15:52:18
08d46f71-48a3-458a-b01f-3f2e97d2997b,ef6ead38-53f6-11f1-9b5e-0242ac110002,max_rotate_speed,,Double,NORMAL_PARAMETER,2026-05-20 10:52:27,2026-05-20 10:52:27
08f0432f-1395-4199-9bb6-ee7829d0c584,d10e03d5-e206-11f0-8a89-0242ac110002,D,,Double,NORMAL_PARAMETER,2025-12-26 10:58:55,2025-12-26 10:58:55
08f8c41b-96a3-44ca-a88d-4270e6b7423b,f0db6d34-dc86-11f0-a92f-0242ac110002,max_rotate_speed,,Double,NORMAL_PARAMETER,2025-12-19 11:00:57,2025-12-19 11:00:57
08ff4215-88a8-4861-b4a6-bb1fe4c001ed,ea83545b-dcba-11f0-a92f-0242ac110002,translation_acc,0.5,Double,NORMAL_PARAMETER,2025-12-19 17:13:01,2025-12-19 17:13:01
0957f53e-ce08-4663-a4bb-60c6bc9677ab,49a409a2-dd77-11f0-905f-0242ac110002,D,,Double,NORMAL_PARAMETER,2025-12-20 15:41:26,2025-12-20 15:41:29
0a582735-f0fc-4540-bfc6-da24073ad377,311ad41d-53f4-11f1-9b5e-0242ac110002,P,,Double,NORMAL_PARAMETER,2026-05-20 10:32:49,2026-05-20 10:32:49
0a5b680f-fbbe-4832-a320-b4e41eef58be,caab7b0b-d973-11f0-af13-0242ac110002,safety,,Integer,NORMAL_PARAMETER,2025-12-15 13:06:19,2025-12-15 13:06:19
0a786441-76e4-41f5-a094-b91399a3a027,ffc517d2-dc84-11f0-a92f-0242ac110002,markerCode,8,String,NORMAL_PARAMETER,2025-12-19 10:47:03,2025-12-19 10:47:13
0ad55948-0094-4927-a4e2-aab9fb92acc3,d268e5ba-e206-11f0-8a89-0242ac110002,markerCode,1,String,NORMAL_PARAMETER,2025-12-26 10:58:58,2025-12-26 10:59:02
0aec784b-0465-47d4-9991-ffd10ac1fedc,2a02278d-e2c4-11f0-9a11-0242ac110002,pathParamSetting,0,Integer,NORMAL_PARAMETER,2025-12-27 09:34:19,2025-12-27 09:34:28
0af3c50c-770f-43ad-bd12-b2272e9b72fb,481ded39-53f4-11f1-9b5e-0242ac110002,pathParamSetting,0,Integer,NORMAL_PARAMETER,2026-05-20 10:33:27,2026-05-20 10:41:09
0b83f4c7-3dab-4128-8715-dd8079f722da,69b62f0d-d657-11f0-b2a8-0242ac110002,fall_prevent,,Integer,NORMAL_PARAMETER,2025-12-11 14:05:37,2025-12-13 14:26:14
0b9e279c-3be9-4db0-adda-09096f7277ba,f1f7b834-dc86-11f0-a92f-0242ac110002,D,,Double,NORMAL_PARAMETER,2025-12-19 11:00:59,2025-12-19 11:01:04
0bed2c9d-faba-4716-809e-2ab918520a23,ea320469-dcba-11f0-a92f-0242ac110002,max_translation_speed,0.8,Double,NORMAL_PARAMETER,2025-12-19 17:13:00,2025-12-19 17:13:00
0c174281-fce3-4a86-8801-22486b966d19,f1f7b834-dc86-11f0-a92f-0242ac110002,max_translation_speed,,Double,NORMAL_PARAMETER,2025-12-19 11:00:59,2025-12-19 11:01:04
0c86acf2-7dc5-48a2-a28d-8d547dbe017f,609f771d-db27-11f0-bf4f-0242ac110002,markerCode,5,String,NORMAL_PARAMETER,2025-12-17 17:04:22,2025-12-17 17:04:22
0ca163ab-0295-4a76-bae2-38b6a7eebdad,512d68b5-53f4-11f1-9b5e-0242ac110002,rotate_acc,,Double,NORMAL_PARAMETER,2026-05-20 10:33:42,2026-05-20 10:41:16
0d4f5076-0016-4de7-a9a5-6186c80ebefa,c8471eeb-e071-11f0-8bc0-0242ac110002,safety,,Integer,NORMAL_PARAMETER,2025-12-24 10:39:34,2025-12-24 12:47:38
0dca4ce2-549f-4246-8493-8f4baa0467ab,ee78f4bb-dc89-11f0-a92f-0242ac110002,markerCode,8,String,NORMAL_PARAMETER,2025-12-19 11:22:22,2025-12-19 11:22:28
0dccd130-4e4f-41d4-898d-822a709460cb,1c62f666-53f3-11f1-9b5e-0242ac110002,rotate_acc,,Double,NORMAL_PARAMETER,2026-05-20 10:25:04,2026-05-20 10:25:04
0e02d3c8-7a0b-4a47-99d1-9a176772c08f,6299c540-db27-11f0-bf4f-0242ac110002,operation,1,Integer,NORMAL_PARAMETER,2025-12-17 17:04:25,2025-12-17 17:04:25
0e1dbf8d-76fb-4075-a161-09f166c0cefb,0d8f9453-da48-11f0-b9ee-0242ac110002,script_data,"{
	""id"": ""1"",
	""operation_type"": ""PTZCONTROL"",
	""target"": ""MOS"",
	""operation_detail"": ""XUANNIU"",
	""action_type"": ""111"",
	""operate_params"": {
		""marker"": ""1_1_2"",
		""pallet"": [""yuanfang"",""jiudi""],
		""safe_area"": """",
		""gripper_param"": {
			""recipe"": """"
		},
		""switch_rotate_param"": {},
		""discharge_param"": {
			""mode"": """"
		},
		""handcar_param"": {},
		""GroundSwtich_param"": {}
	}
}",String,NORMAL_PARAMETER,2025-12-16 14:25:45,2025-12-16 14:29:19
0e7fb7b5-51ae-4850-9a2d-d54316aad569,3fbd8798-dcb5-11f0-a92f-0242ac110002,markerCode,10,String,NORMAL_PARAMETER,2025-12-19 16:32:27,2025-12-19 16:32:27
0e83b023-5626-46a2-8f20-e9e2031dd182,6e65264a-dcb5-11f0-a92f-0242ac110002,pathParamSetting,1,Integer,NORMAL_PARAMETER,2025-12-19 16:33:45,2025-12-19 16:33:45
0efc4d92-cdc8-4c6a-b269-27a8e365b125,ebc3fa71-dc89-11f0-a92f-0242ac110002,P,,Double,NORMAL_PARAMETER,2025-12-19 11:22:17,2025-12-19 11:22:17
0f1cca2f-3c12-41c4-8198-7817f76ae711,35bb6a0d-53f7-11f1-9b5e-0242ac110002,P,,Double,NORMAL_PARAMETER,2026-05-20 10:54:25,2026-05-20 10:54:25
0fc0a605-87b3-4e58-bc1a-4afab66a77a6,f0b6197d-53f6-11f1-9b5e-0242ac110002,max_rotate_speed,,Double,NORMAL_PARAMETER,2026-05-20 10:52:29,2026-05-20 10:52:34
10424665-c071-45c1-ab91-8e7bc22fcdfe,336eb9cc-e204-11f0-8a89-0242ac110002,safety_scanner_region,0,Integer,NORMAL_PARAMETER,2025-12-26 10:40:12,2025-12-29 18:27:55
108b6fea-6eb1-47fa-8c11-32c43aacabd1,d268e5ba-e206-11f0-8a89-0242ac110002,rotate_acc,,Double,NORMAL_PARAMETER,2025-12-26 10:58:58,2025-12-26 10:59:02
10aefc93-b66e-4b04-a12a-406cd358dc78,ca996955-d961-11f0-a789-0242ac110002,P,,Double,NORMAL_PARAMETER,2025-12-15 10:57:28,2025-12-15 10:57:32
11323af5-31f9-4b4c-bf39-dec96f49f010,481ded39-53f4-11f1-9b5e-0242ac110002,D,,Double,NORMAL_PARAMETER,2026-05-20 10:33:27,2026-05-20 10:41:09
115d1807-cafd-4230-b2be-51be40d61750,0a9a35a2-e2f0-11f0-94b3-0242ac110002,fall_prevent,,Integer,NORMAL_PARAMETER,2025-12-27 14:48:25,2025-12-27 14:48:25
116e6c61-228d-44c4-a342-69422672f4bf,c8ff5114-d961-11f0-a789-0242ac110002,safety,,Integer,NORMAL_PARAMETER,2025-12-15 10:57:26,2025-12-15 10:57:26
12ac0c00-efb1-47d9-bafb-95021bb87f33,e0d1ccf1-db25-11f0-bf4f-0242ac110002,safety,,Integer,NORMAL_PARAMETER,2025-12-17 16:53:38,2025-12-17 16:53:49
12f3ef3f-00bf-4207-b4be-2574d16106cd,1d7fcdec-d721-11f0-a620-0242ac110002,safety,,Integer,NORMAL_PARAMETER,2025-12-12 14:09:28,2025-12-18 08:40:10
1303248f-ce58-4463-953e-7dcd72fb6ae3,3b3bef1a-e2c4-11f0-9a11-0242ac110002,script_data,"{
	""id"": ""1"",
	""operation_type"": ""PTZCONTROL"",
	""target"": ""MOS"",
	""operation_detail"": ""XUANNIU"",
	""action_type"": ""111"",
	""operate_params"": {
		""marker"": ""1_1_2"",
		""pallet"": [""xuanniu_yuanfang"",""xuanniu_jiudi""],
		""safe_area"": """",
		""gripper_param"": {
			""recipe"": """"
		},
		""switch_rotate_param"": {},
		""discharge_param"": {
			""mode"": """"
		},
		""handcar_param"": {},
		""GroundSwtich_param"": {}
	}
}",String,NORMAL_PARAMETER,2025-12-27 09:34:48,2025-12-27 09:34:48
13049169-01d5-46d5-8575-faf6c0c2f676,defbccc7-db25-11f0-bf4f-0242ac110002,safety_scanner_region,0,Integer,NORMAL_PARAMETER,2025-12-17 16:53:35,2025-12-17 16:53:35
134dbad9-4cd6-4e2a-89f8-94e5fc99704c,f1ebd328-53f3-11f1-9b5e-0242ac110002,D,,Double,NORMAL_PARAMETER,2026-05-20 10:31:03,2026-05-20 10:31:07
1497f035-05f9-4975-9764-9774423f21d9,46462261-53f4-11f1-9b5e-0242ac110002,fall_prevent,,Integer,NORMAL_PARAMETER,2026-05-20 10:33:24,2026-05-20 10:37:10
14b6ffee-3b0e-4c7b-b46e-f0e86166c05f,336eb9cc-e204-11f0-8a89-0242ac110002,D,,Double,NORMAL_PARAMETER,2025-12-26 10:40:12,2025-12-29 18:27:55
15ddae92-05e7-4a7e-b57f-d3a22d054f41,91928385-eacb-11f0-b6f4-0242ac110002,P,,Double,NORMAL_PARAMETER,2026-01-06 14:47:29,2026-01-06 14:47:38
163dde6b-4992-426b-9758-ac3721688695,8fdffd78-eacb-11f0-b6f4-0242ac110002,markerCode,1,String,NORMAL_PARAMETER,2026-01-06 14:47:26,2026-01-06 14:47:26
166dbf97-1359-41cf-842a-9113b2bc296e,194a76da-53f4-11f1-9b5e-0242ac110002,max_rotate_speed,,Double,NORMAL_PARAMETER,2026-05-20 10:32:09,2026-05-20 10:32:12
16c03298-f844-487f-bdbb-cbb9bce959f0,311ad41d-53f4-11f1-9b5e-0242ac110002,D,,Double,NORMAL_PARAMETER,2026-05-20 10:32:49,2026-05-20 10:32:49
176908c2-6f5e-4444-b76a-bcd30ef41768,46462261-53f4-11f1-9b5e-0242ac110002,max_rotate_speed,,Double,NORMAL_PARAMETER,2026-05-20 10:33:24,2026-05-20 10:37:10
1772a437-c4a6-4e04-89ed-d61e3a2d2789,48994d4c-dd77-11f0-905f-0242ac110002,features_requested,,Integer,NORMAL_PARAMETER,2025-12-20 15:41:24,2025-12-20 15:41:24
17bfbe69-41f0-4e24-9474-91df7fd735dd,decaf3e3-e2fd-11f0-94b3-0242ac110002,agvMapId,09ef6607-da25-11f0-b9ee-0242ac110002,String,NORMAL_PARAMETER,2025-12-27 16:27:24,2025-12-27 16:27:24
186bebae-d25b-4416-81cd-8fb91e1c7f86,9706d573-e61d-11f0-8548-0242ac110002,features_requested,,Integer,NORMAL_PARAMETER,2025-12-31 15:52:01,2025-12-31 15:52:01
18b49358-90f6-4f4d-9e19-d43a21d6958b,6e65264a-dcb5-11f0-a92f-0242ac110002,agvMapId,09ef6607-da25-11f0-b9ee-0242ac110002,String,NORMAL_PARAMETER,2025-12-19 16:33:45,2025-12-19 16:33:45
18beaa64-7e86-4829-8f42-9412398936d2,1c62f666-53f3-11f1-9b5e-0242ac110002,markerCode,5,String,NORMAL_PARAMETER,2026-05-20 10:25:04,2026-05-20 10:25:04
1913ac5f-aa72-42d2-92e0-9e8433802730,3b951953-db27-11f0-bf4f-0242ac110002,pathParamSetting,0,Integer,NORMAL_PARAMETER,2025-12-17 17:03:20,2025-12-17 17:03:20
19241f05-cd9a-4561-87b1-fabff7697b87,0e393f10-db26-11f0-bf4f-0242ac110002,P,,Double,NORMAL_PARAMETER,2025-12-17 16:54:54,2025-12-17 16:54:59
1980a0a4-54e3-42cb-8416-1ad7f0d37aa1,ffc517d2-dc84-11f0-a92f-0242ac110002,translation_acc,,Double,NORMAL_PARAMETER,2025-12-19 10:47:03,2025-12-19 10:47:13
19ae8814-748c-4917-b761-ac461ce7cb71,ca996955-d961-11f0-a789-0242ac110002,max_rotate_speed,,Double,NORMAL_PARAMETER,2025-12-15 10:57:28,2025-12-15 10:57:32
19cd56ae-a910-480b-aa48-323d7ec34fcb,ea83545b-dcba-11f0-a92f-0242ac110002,pathParamSetting,1,Integer,NORMAL_PARAMETER,2025-12-19 17:13:01,2025-12-19 17:13:01
19db8204-cdbb-4125-ac5c-0ce8b917712f,595f8f7a-dd51-11f0-905f-0242ac110002,max_rotate_speed,,Double,NORMAL_PARAMETER,2025-12-20 11:09:51,2025-12-20 15:13:28
1a16f665-2338-4693-8143-1d437165bbb1,6f2d7818-d657-11f0-b2a8-0242ac110002,operation,1,Integer,NORMAL_PARAMETER,2025-12-11 14:05:46,2025-12-11 14:05:46
1a96238d-a90f-488d-a5bc-ca71c4c97cc5,609f771d-db27-11f0-bf4f-0242ac110002,pathParamSetting,0,Integer,NORMAL_PARAMETER,2025-12-17 17:04:22,2025-12-17 17:04:22
1a98607f-0508-47af-95c3-6146a6530230,f8385989-dcb2-11f0-a92f-0242ac110002,safety,1,Integer,NORMAL_PARAMETER,2025-12-19 16:16:08,2025-12-19 16:16:08
1a9d94c3-1130-40db-b9cc-99d0607df03b,479cd504-d7c8-11f0-b3a8-0242ac110002,pathParamSetting,0,Integer,NORMAL_PARAMETER,2025-12-13 10:06:04,2025-12-13 10:06:04
1ad549c2-f7c5-4f64-9ff6-49d8c4c83aa8,bb2e4f31-dca1-11f0-a92f-0242ac110002,translation_acc,,Double,NORMAL_PARAMETER,2025-12-19 14:12:44,2025-12-19 14:12:54
1bc4dea0-5b91-4a9c-9dd9-668f78a838e3,0e393f10-db26-11f0-bf4f-0242ac110002,pathParamSetting,0,Integer,NORMAL_PARAMETER,2025-12-17 16:54:54,2025-12-17 16:54:59
1bddc602-c859-4950-af80-4073e1f92eef,609f771d-db27-11f0-bf4f-0242ac110002,rotate_acc,,Double,NORMAL_PARAMETER,2025-12-17 17:04:22,2025-12-17 17:04:22
1c0bdbd9-fbc5-4b9b-9915-8bdf2324de28,f0b6197d-53f6-11f1-9b5e-0242ac110002,rotate_acc,,Double,NORMAL_PARAMETER,2026-05-20 10:52:29,2026-05-20 10:52:34
1c297027-f6c5-4c51-a566-2331a8261411,5b7157f0-dd51-11f0-905f-0242ac110002,max_rotate_speed,,Double,NORMAL_PARAMETER,2025-12-20 11:09:54,2025-12-20 15:13:32
1c55afd5-354a-45ec-a584-fde3da7ec09f,c1b2cfd7-da26-11f0-b9ee-0242ac110002,rotate_acc,,Double,NORMAL_PARAMETER,2025-12-16 10:27:24,2025-12-16 10:27:24
1c81e7af-49b9-435f-8b07-24fdd9394fe8,defbccc7-db25-11f0-bf4f-0242ac110002,pathParamSetting,0,Integer,NORMAL_PARAMETER,2025-12-17 16:53:35,2025-12-17 16:53:35
1c82f324-72f5-437b-abf9-89d816f863e3,5b7157f0-dd51-11f0-905f-0242ac110002,fall_prevent,,Integer,NORMAL_PARAMETER,2025-12-20 11:09:54,2025-12-20 15:13:32
1cdf7e8c-1505-492b-a770-f5e3fb623144,e0d1ccf1-db25-11f0-bf4f-0242ac110002,agvMapId,09ef6607-da25-11f0-b9ee-0242ac110002,String,NORMAL_PARAMETER,2025-12-17 16:53:38,2025-12-17 16:53:49
1d7d9ca2-edfd-4d68-b78d-ab210fe43265,ee78f4bb-dc89-11f0-a92f-0242ac110002,max_translation_speed,,Double,NORMAL_PARAMETER,2025-12-19 11:22:22,2025-12-19 11:22:28
1dd95d95-f189-45e1-bff4-3a26e72f1afb,1832ffa7-53f4-11f1-9b5e-0242ac110002,pathParamSetting,0,Integer,NORMAL_PARAMETER,2026-05-20 10:32:07,2026-05-20 10:32:07
1dfe7e97-aa6a-4ed1-ba08-b0026145dbc7,defbccc7-db25-11f0-bf4f-0242ac110002,max_translation_speed,,Double,NORMAL_PARAMETER,2025-12-17 16:53:35,2025-12-17 16:53:35
1dfea2bc-31d4-44e7-ac96-431654f7388f,b9f656f0-dca1-11f0-a92f-0242ac110002,safety,,Integer,NORMAL_PARAMETER,2025-12-19 14:12:42,2025-12-19 14:12:42
1e01d781-5005-44c2-b157-8cc3b20aaebc,b31c84cb-dcac-11f0-a92f-0242ac110002,agvMapId,09ef6607-da25-11f0-b9ee-0242ac110002,String,NORMAL_PARAMETER,2025-12-19 15:31:15,2025-12-19 15:31:15
1e18ccce-bf08-44a0-8f33-ddd3635520e8,ebc3fa71-dc89-11f0-a92f-0242ac110002,agvMapId,09ef6607-da25-11f0-b9ee-0242ac110002,String,NORMAL_PARAMETER,2025-12-19 11:22:17,2025-12-19 11:22:17
1e4e01e2-276f-444d-ba61-9f96c9883f3f,c693a43c-e071-11f0-8bc0-0242ac110002,P,,Double,NORMAL_PARAMETER,2025-12-24 10:39:32,2025-12-24 12:47:34
1f156b13-da30-4512-895e-546814a7c92e,0a9a35a2-e2f0-11f0-94b3-0242ac110002,features_requested,,Integer,NORMAL_PARAMETER,2025-12-27 14:48:25,2025-12-27 14:48:25
1fe2bd42-32f2-4b6a-a267-3890c97f7e2c,45f7b8c2-e2e0-11f0-94b3-0242ac110002,script_data,"{
	""id"": ""1"",
	""operation_type"": ""PTZCONTROL"",
	""target"": ""MOS"",
	""operation_detail"": ""XUANNIU"",
	""action_type"": ""111"",
	""operate_params"": {
		""marker"": ""1_1_2"",
		""pallet"": [""xuanniu_jiudi"",""xuanniu_yuanfang""],
		""safe_area"": """",
		""gripper_param"": {
			""recipe"": """"
		},
		""switch_rotate_param"": {},
		""discharge_param"": {
			""mode"": """"
		},
		""handcar_param"": {},
		""GroundSwtich_param"": {}
	}
}",String,NORMAL_PARAMETER,2025-12-27 12:55:32,2025-12-27 12:55:32
2044b048-0c78-4d1a-b089-99faa7a997ec,2336defc-e2f0-11f0-94b3-0242ac110002,is_thermometry,1,Int,NORMAL_PARAMETER,2025-12-27 14:49:06,2025-12-27 14:55:42
20c08d16-f0ad-4e49-8982-464d0066c9e5,9db60c0c-e61d-11f0-8548-0242ac110002,features_requested,,Integer,NORMAL_PARAMETER,2025-12-31 15:52:12,2025-12-31 15:52:18
20e50b04-531b-4cb0-b31e-38c0334a31d1,2336defc-e2f0-11f0-94b3-0242ac110002,cameras,"[{""is_capture"":1,""inspectionPoint"":"""",""camera_name"":""binocular_1"",""channel_num"":1,""set_preset"":1,""preset_num"":6,""is_record"":0,""record_time"":5,""set_param"":0,""wAction"":1,""is_homing"":1,""homing_time"":5,""sleepTime"":0,""fHorizontalSpeed"":100,""fVerticalSpeed"":100}]",JsonArray,NORMAL_PARAMETER,2025-12-27 14:49:06,2025-12-27 14:55:42
20e87e3a-e925-4ecb-b5d7-fc874b92652d,f0db6d34-dc86-11f0-a92f-0242ac110002,rotate_acc,,Double,NORMAL_PARAMETER,2025-12-19 11:00:57,2025-12-19 11:00:57
21289901-07c0-4ea9-8d00-c0e73aada786,bb2e4f31-dca1-11f0-a92f-0242ac110002,D,,Double,NORMAL_PARAMETER,2025-12-19 14:12:44,2025-12-19 14:12:54
219764fc-a28d-480a-ba02-066e21b9966f,c7065b72-dd53-11f0-905f-0242ac110002,agvMapId,09ef6607-da25-11f0-b9ee-0242ac110002,String,NORMAL_PARAMETER,2025-12-20 11:27:14,2025-12-20 11:27:22
21a806b0-9554-41e9-a9f0-b6d191b4332f,f1ebd328-53f3-11f1-9b5e-0242ac110002,agvMapId,7640a72f-53e5-11f1-9b5e-0242ac110002,String,NORMAL_PARAMETER,2026-05-20 10:31:03,2026-05-20 10:31:07
22003a1d-bb7b-4aca-b84b-6d782437a4b3,ebc3fa71-dc89-11f0-a92f-0242ac110002,markerCode,7,String,NORMAL_PARAMETER,2025-12-19 11:22:17,2025-12-19 11:22:17
2277d7d4-9960-4dcd-ab48-fac114cc1379,91928385-eacb-11f0-b6f4-0242ac110002,fall_prevent,,Integer,NORMAL_PARAMETER,2026-01-06 14:47:29,2026-01-06 14:47:38
230811a6-47ef-49db-8e22-53d70a28a5b2,52ab6d4b-e2c4-11f0-9a11-0242ac110002,script_data,"{
	""id"": ""1"",
	""operation_type"": ""PTZCONTROL"",
	""target"": ""MOS"",
	""operation_detail"": ""TANNIU_hezha"",
	""action_type"": ""111"",
	""operate_params"": {
		""marker"": ""1_1_2"",
		""pallet"": [""anniu_hezha"",""anniu_fenzha""],
		""safe_area"": """",
		""gripper_param"": {
			""recipe"": """"
		},
		""switch_rotate_param"": {},
		""discharge_param"": {
			""mode"": """"
		},
		""handcar_param"": {},
		""GroundSwtich_param"": {}
	}
}",String,NORMAL_PARAMETER,2025-12-27 09:35:28,2025-12-27 12:56:50
2327bb3e-c34e-4e63-8f7f-ce1cdfdb13ec,ee78f4bb-dc89-11f0-a92f-0242ac110002,P,,Double,NORMAL_PARAMETER,2025-12-19 11:22:22,2025-12-19 11:22:28
23a69aea-9dc9-40af-bbf1-5ec545827155,ef6ead38-53f6-11f1-9b5e-0242ac110002,P,,Double,NORMAL_PARAMETER,2026-05-20 10:52:27,2026-05-20 10:52:27
23ee1dfc-5c68-44eb-b89e-6a1fe7957f2e,c693a43c-e071-11f0-8bc0-0242ac110002,D,,Double,NORMAL_PARAMETER,2025-12-24 10:39:32,2025-12-24 12:47:34
23eea54a-0548-414d-ada2-aa7118458655,49a409a2-dd77-11f0-905f-0242ac110002,agvMapId,09ef6607-da25-11f0-b9ee-0242ac110002,String,NORMAL_PARAMETER,2025-12-20 15:41:26,2025-12-20 15:41:29
24a84d8a-c7d8-4ea3-a658-74dc952f41c0,4bf83e47-db27-11f0-bf4f-0242ac110002,pathParamSetting,0,Integer,NORMAL_PARAMETER,2025-12-17 17:03:47,2025-12-17 17:03:56
24d96d14-f2be-48da-9ba3-90f81997111c,6f0c4f50-db25-11f0-bf4f-0242ac110002,script_data,"{
	""id"": ""1"",
	""operation_type"": ""PTZCONTROL"",
	""target"": ""MOS"",
	""operation_detail"": ""shouche_in"",
	""action_type"": ""111"",
	""operate_params"": {
		""marker"": ""1_1_2"",
		""pallet"": [""yuanfang"",""jiudi""],
		""safe_area"": """",
		""gripper_param"": {
			""recipe"": """"
		},
		""switch_rotate_param"": {},
		""discharge_param"": {
			""mode"": """"
		},
		""handcar_param"": {},
		""GroundSwtich_param"": {}
	}
}",String,NORMAL_PARAMETER,2025-12-17 16:50:27,2025-12-17 16:51:03
253012db-e85f-4ec6-b794-782178f5328f,48994d4c-dd77-11f0-905f-0242ac110002,translation_acc,,Double,NORMAL_PARAMETER,2025-12-20 15:41:24,2025-12-20 15:41:24
254b387b-1169-4870-baad-06796632e474,35bb6a0d-53f7-11f1-9b5e-0242ac110002,max_rotate_speed,,Double,NORMAL_PARAMETER,2026-05-20 10:54:25,2026-05-20 10:54:25
25829359-86fd-4a83-8d12-9cac88d0c705,1d8a04cf-53f3-11f1-9b5e-0242ac110002,agvMapId,7640a72f-53e5-11f1-9b5e-0242ac110002,String,NORMAL_PARAMETER,2026-05-20 10:25:06,2026-05-20 10:25:12
25be9438-76d1-4fdd-91c8-66af55066cb9,b9f656f0-dca1-11f0-a92f-0242ac110002,rotate_acc,,Double,NORMAL_PARAMETER,2025-12-19 14:12:42,2025-12-19 14:12:42
25ebead4-16e8-4960-ad83-7d3d32d75b17,1c62f666-53f3-11f1-9b5e-0242ac110002,pathParamSetting,0,Integer,NORMAL_PARAMETER,2026-05-20 10:25:04,2026-05-20 10:25:04
25f5685d-ac6d-4ca9-960e-6d9a92842ad1,9db60c0c-e61d-11f0-8548-0242ac110002,agvMapId,386e71bb-d958-11f0-bfc1-0242ac110002,String,NORMAL_PARAMETER,2025-12-31 15:52:12,2025-12-31 15:52:18
262e2603-af34-4439-ae3c-5091b43fe036,66b8f702-dae8-11f0-bf4f-0242ac110002,P,,Double,NORMAL_PARAMETER,2025-12-17 09:33:34,2025-12-17 09:33:34
264cb78f-d5da-4d30-9321-c23037d89bab,b31c84cb-dcac-11f0-a92f-0242ac110002,max_translation_speed,0.8,Double,NORMAL_PARAMETER,2025-12-19 15:31:15,2025-12-19 15:31:15
265ee2a6-3560-47d1-b8b2-0eac6ecf29cd,bab6955c-dae9-11f0-bf4f-0242ac110002,features_requested,,Integer,NORMAL_PARAMETER,2025-12-17 09:43:04,2025-12-17 09:43:04
26ad3786-f2a7-41f1-941f-6a723dc7aea2,f0b6197d-53f6-11f1-9b5e-0242ac110002,safety_scanner_region,0,Integer,NORMAL_PARAMETER,2026-05-20 10:52:29,2026-05-20 10:52:34
270e7958-121c-45a4-9e84-a8885af7301a,decaf3e3-e2fd-11f0-94b3-0242ac110002,translation_acc,0.5,Double,NORMAL_PARAMETER,2025-12-27 16:27:24,2025-12-27 16:27:24
27306ba4-3e84-43c1-aca7-56de9b86b02b,c6ea3b84-dca2-11f0-a92f-0242ac110002,max_translation_speed,0.8,Double,NORMAL_PARAMETER,2025-12-19 14:20:13,2025-12-19 14:20:13
2748ba33-5e60-434a-b49a-23b817147cb9,3b951953-db27-11f0-bf4f-0242ac110002,fall_prevent,,Integer,NORMAL_PARAMETER,2025-12-17 17:03:20,2025-12-17 17:03:20
27d2fa92-e696-47ab-a537-1049bef7de5c,688208b0-d657-11f0-b2a8-0242ac110002,markerCode,5,String,NORMAL_PARAMETER,2025-12-11 14:05:35,2025-12-13 14:08:58
27d4a337-0dd1-4fba-a795-2061612eb8f3,512d68b5-53f4-11f1-9b5e-0242ac110002,agvMapId,7640a72f-53e5-11f1-9b5e-0242ac110002,String,NORMAL_PARAMETER,2026-05-20 10:33:42,2026-05-20 10:41:16
282403ed-b8bc-42e7-b05b-6278a1948ed2,35bb6a0d-53f7-11f1-9b5e-0242ac110002,fall_prevent,,Integer,NORMAL_PARAMETER,2026-05-20 10:54:25,2026-05-20 10:54:25
28ae9c11-a928-4a34-a266-0a678c59fdd5,311ad41d-53f4-11f1-9b5e-0242ac110002,pathParamSetting,0,Integer,NORMAL_PARAMETER,2026-05-20 10:32:49,2026-05-20 10:32:49
28eb6a0b-457b-44ef-a3fd-5e7e7ac80d06,bb2e4f31-dca1-11f0-a92f-0242ac110002,max_translation_speed,,Double,NORMAL_PARAMETER,2025-12-19 14:12:44,2025-12-19 14:12:54
291249f8-e972-4be7-b871-6def48ba5294,d37e9eb8-dc95-11f0-a92f-0242ac110002,pathParamSetting,1,Integer,NORMAL_PARAMETER,2025-12-19 12:47:31,2025-12-19 12:47:31
291709f8-62c6-4666-93eb-60a6654895e9,688208b0-d657-11f0-b2a8-0242ac110002,max_translation_speed,,Double,NORMAL_PARAMETER,2025-12-11 14:05:35,2025-12-13 14:08:58
29189e35-e0c4-47ab-8854-caf4832bdd4b,caab7b0b-d973-11f0-af13-0242ac110002,max_translation_speed,,Double,NORMAL_PARAMETER,2025-12-15 13:06:19,2025-12-15 13:06:19
29b96ee5-966f-45ca-b55a-1616cdfe10dc,69b62f0d-d657-11f0-b2a8-0242ac110002,translation_acc,,Double,NORMAL_PARAMETER,2025-12-11 14:05:37,2025-12-13 14:26:14
29e18066-7f79-4287-b1dd-d5e0d3df123b,609f771d-db27-11f0-bf4f-0242ac110002,translation_acc,,Double,NORMAL_PARAMETER,2025-12-17 17:04:22,2025-12-17 17:04:22
29e3f00e-241d-4289-82fb-a597350229bb,b2cc49d0-dcac-11f0-a92f-0242ac110002,safety,1,Integer,NORMAL_PARAMETER,2025-12-19 15:31:14,2025-12-19 15:31:14
2a2a95aa-99a6-40f2-808b-ad03092f2ed0,46462261-53f4-11f1-9b5e-0242ac110002,max_translation_speed,,Double,NORMAL_PARAMETER,2026-05-20 10:33:24,2026-05-20 10:37:10
2bb678e2-6bc3-4cd0-b7f2-bf2c263945f1,df591577-e2fb-11f0-94b3-0242ac110002,agvMapId,09ef6607-da25-11f0-b9ee-0242ac110002,String,NORMAL_PARAMETER,2025-12-27 16:13:06,2025-12-27 16:13:06
2bc5c1f9-7c3b-48fb-aaa6-8dc1991589f3,c31deaea-da26-11f0-b9ee-0242ac110002,pathParamSetting,0,Integer,NORMAL_PARAMETER,2025-12-16 10:27:27,2025-12-16 10:27:31
2bc9b386-6e88-40cd-a08e-d712ee584f54,9706d573-e61d-11f0-8548-0242ac110002,translation_acc,,Double,NORMAL_PARAMETER,2025-12-31 15:52:01,2025-12-31 15:52:01
2c069165-547e-4ea7-9795-c9ae9b93a9a1,5b7157f0-dd51-11f0-905f-0242ac110002,features_requested,,Integer,NORMAL_PARAMETER,2025-12-20 11:09:54,2025-12-20 15:13:32
2c1e25d2-c631-4d8d-8a23-aa4edeed3198,638e6806-53f7-11f1-9b5e-0242ac110002,script_data,"{
	""id"": ""1"",
	""operation_type"": ""PTZCONTROL"",
	""target"": ""MOS"",
	""operation_detail"": ""LAOHUA"",
	""action_type"": ""111"",
	""operate_params"": {
		""marker"": ""1_1_2"",
		""pallet"": [""anniu_hezha"",""anniu_fenzha""],
		""safe_area"": """",
		""gripper_param"": {
			""recipe"": """"
		},
		""switch_rotate_param"": {},
		""discharge_param"": {
			""mode"": """"
		},
		""handcar_param"": {},
		""GroundSwtich_param"": {}
	}
}",String,NORMAL_PARAMETER,2026-05-20 10:55:42,2026-05-20 10:55:42
2c886d15-ed02-46c6-bbcc-e951bdd4a525,9706d573-e61d-11f0-8548-0242ac110002,rotate_acc,,Double,NORMAL_PARAMETER,2025-12-31 15:52:01,2025-12-31 15:52:01
2cc449fc-1f1e-4cff-adb8-0b18bef8cc3e,9db60c0c-e61d-11f0-8548-0242ac110002,max_rotate_speed,,Double,NORMAL_PARAMETER,2025-12-31 15:52:12,2025-12-31 15:52:18
2cc6e4b7-7d96-495f-bf4e-c4fae6cb9d38,1d8a04cf-53f3-11f1-9b5e-0242ac110002,features_requested,,Integer,NORMAL_PARAMETER,2026-05-20 10:25:06,2026-05-20 10:25:12
2d3aa194-b531-4008-b2b7-a195f9ce0652,ef6ead38-53f6-11f1-9b5e-0242ac110002,D,,Double,NORMAL_PARAMETER,2026-05-20 10:52:27,2026-05-20 10:52:27
2dcdecb8-399a-4b9c-8d21-033909d545db,69b62f0d-d657-11f0-b2a8-0242ac110002,pathParamSetting,0,Integer,NORMAL_PARAMETER,2025-12-11 14:05:37,2025-12-13 14:26:14
2deb51ba-f3c8-4d0f-a725-5147ea3bed02,3b951953-db27-11f0-bf4f-0242ac110002,rotate_acc,,Double,NORMAL_PARAMETER,2025-12-17 17:03:20,2025-12-17 17:03:20
2dec8f40-3db2-4691-9cf6-e746706bd327,8fdffd78-eacb-11f0-b6f4-0242ac110002,D,,Double,NORMAL_PARAMETER,2026-01-06 14:47:26,2026-01-06 14:47:26
2e51f2ae-a593-4203-bb07-3e13ff7f54f0,c6978b10-dca2-11f0-a92f-0242ac110002,markerCode,9,String,NORMAL_PARAMETER,2025-12-19 14:20:13,2025-12-19 14:20:13
2effc4ae-b0e4-4d5e-aeee-267ca27e2457,fde36284-dc84-11f0-a92f-0242ac110002,translation_acc,,Double,NORMAL_PARAMETER,2025-12-19 10:47:00,2025-12-19 10:47:00
2f32a424-9755-4e92-a0fb-cbbaec3e9b01,ca996955-d961-11f0-a789-0242ac110002,safety,,Integer,NORMAL_PARAMETER,2025-12-15 10:57:28,2025-12-15 10:57:32
2fb664b7-6967-44ed-90bb-274ca0525cbe,fde36284-dc84-11f0-a92f-0242ac110002,D,,Double,NORMAL_PARAMETER,2025-12-19 10:47:00,2025-12-19 10:47:00
309fb991-e87c-447c-be87-d5273b9f14ae,1832ffa7-53f4-11f1-9b5e-0242ac110002,max_rotate_speed,,Double,NORMAL_PARAMETER,2026-05-20 10:32:07,2026-05-20 10:32:07
30aee83f-7a73-4ded-8201-0815d00b7c76,4bf83e47-db27-11f0-bf4f-0242ac110002,fall_prevent,,Integer,NORMAL_PARAMETER,2025-12-17 17:03:47,2025-12-17 17:03:56
30dc18fd-f82d-4a79-bb20-75343c295a69,c8471eeb-e071-11f0-8bc0-0242ac110002,pathParamSetting,0,Integer,NORMAL_PARAMETER,2025-12-24 10:39:34,2025-12-24 12:47:38
30e6846c-7703-4683-a595-85596d7fe47b,35bb6a0d-53f7-11f1-9b5e-0242ac110002,markerCode,1,String,NORMAL_PARAMETER,2026-05-20 10:54:25,2026-05-20 10:54:25
310ca572-3c0c-420d-a2b7-4f1a439c1695,46462261-53f4-11f1-9b5e-0242ac110002,features_requested,,Integer,NORMAL_PARAMETER,2026-05-20 10:33:24,2026-05-20 10:37:10
316952fd-0872-4cbc-81e1-cdadd46b4637,66b8f702-dae8-11f0-bf4f-0242ac110002,markerCode,5,String,NORMAL_PARAMETER,2025-12-17 09:33:34,2025-12-17 09:33:34
316f73f4-5add-4e31-93b6-a7631855b22d,9706d573-e61d-11f0-8548-0242ac110002,D,,Double,NORMAL_PARAMETER,2025-12-31 15:52:01,2025-12-31 15:52:01
3194c5ac-191b-44d7-850f-8e77688ed582,4bf83e47-db27-11f0-bf4f-0242ac110002,features_requested,,Integer,NORMAL_PARAMETER,2025-12-17 17:03:47,2025-12-17 17:03:56
32567e3f-18ed-4c74-8366-a39f7cb69e58,c693a43c-e071-11f0-8bc0-0242ac110002,safety,,Integer,NORMAL_PARAMETER,2025-12-24 10:39:32,2025-12-24 12:47:34
32698ae4-87c1-4bf7-a47c-c656debe64c6,ebc3fa71-dc89-11f0-a92f-0242ac110002,translation_acc,,Double,NORMAL_PARAMETER,2025-12-19 11:22:17,2025-12-19 11:22:17
32bdaf5c-124d-43ae-8015-7acc2680d8cc,66b8f702-dae8-11f0-bf4f-0242ac110002,max_rotate_speed,,Double,NORMAL_PARAMETER,2025-12-17 09:33:34,2025-12-17 09:33:34
33944dc0-2b28-441b-88dc-3863f852ba45,3b951953-db27-11f0-bf4f-0242ac110002,safety_scanner_region,0,Integer,NORMAL_PARAMETER,2025-12-17 17:03:20,2025-12-17 17:03:20
33a7dc68-68d7-4019-acc8-7179020104bb,015f04f6-dc9a-11f0-a92f-0242ac110002,translation_acc,0.5,Double,NORMAL_PARAMETER,2025-12-19 13:17:26,2025-12-19 13:17:26
33b733a1-ec01-4f92-b41f-ed4b93021524,df591577-e2fb-11f0-94b3-0242ac110002,max_translation_speed,0.8,Double,NORMAL_PARAMETER,2025-12-27 16:13:06,2025-12-27 16:13:06
33cd2a52-caac-400f-a12c-6095080d4a09,69b62f0d-d657-11f0-b2a8-0242ac110002,P,,Double,NORMAL_PARAMETER,2025-12-11 14:05:37,2025-12-13 14:26:14
33dd3a15-fc7a-41cd-922c-ef8fe819a8fc,eaf7dea4-da5c-11f0-aaf4-0242ac110002,script_data,"{
	""id"": ""1"",
	""operation_type"": ""PTZCONTROL"",
	""target"": ""MOS"",
	""operation_detail"": ""XUANNIU"",
	""action_type"": ""111"",
	""operate_params"": {
		""marker"": ""1_1_2"",
		""pallet"": [""yuanfang"",""jiudi""],
		""safe_area"": """",
		""gripper_param"": {
			""recipe"": """"
		},
		""switch_rotate_param"": {},
		""discharge_param"": {
			""mode"": """"
		},
		""handcar_param"": {},
		""GroundSwtich_param"": {}
	}
}",String,NORMAL_PARAMETER,2025-12-16 16:55:06,2025-12-16 16:55:06
3423686e-9279-42fc-a65f-e296ec28eaab,d10e03d5-e206-11f0-8a89-0242ac110002,pathParamSetting,0,Integer,NORMAL_PARAMETER,2025-12-26 10:58:55,2025-12-26 10:58:55
34bd3488-995b-4cbc-abcf-95503013b999,3f6c6409-dcb5-11f0-a92f-0242ac110002,translation_acc,0.5,Double,NORMAL_PARAMETER,2025-12-19 16:32:26,2025-12-19 16:32:26
34d88d93-693b-4e4d-a42d-cecabd94abb8,f888a1a7-dcb2-11f0-a92f-0242ac110002,markerCode,11,String,NORMAL_PARAMETER,2025-12-19 16:16:08,2025-12-19 16:16:08
34e382f2-c5c2-416b-b014-112962f08cb3,c7065b72-dd53-11f0-905f-0242ac110002,safety_scanner_region,0,Integer,NORMAL_PARAMETER,2025-12-20 11:27:14,2025-12-20 11:27:22
34ec38e3-e6d7-4beb-ac2d-845f29b57e78,91928385-eacb-11f0-b6f4-0242ac110002,max_translation_speed,,Double,NORMAL_PARAMETER,2026-01-06 14:47:29,2026-01-06 14:47:38
35a4f42e-937c-49dd-8612-7702e561afff,3b951953-db27-11f0-bf4f-0242ac110002,D,,Double,NORMAL_PARAMETER,2025-12-17 17:03:20,2025-12-17 17:03:20
367f206b-ec2b-4d18-b6bd-f0626cf3880e,194a76da-53f4-11f1-9b5e-0242ac110002,safety_scanner_region,0,Integer,NORMAL_PARAMETER,2026-05-20 10:32:09,2026-05-20 10:32:12
36b60429-5681-487b-84ef-4e21d23caf36,69b62f0d-d657-11f0-b2a8-0242ac110002,safety,,Integer,NORMAL_PARAMETER,2025-12-11 14:05:37,2025-12-13 14:26:14
37b3bb34-c245-45c9-973d-73b1dff57458,2a02278d-e2c4-11f0-9a11-0242ac110002,translation_acc,,Double,NORMAL_PARAMETER,2025-12-27 09:34:19,2025-12-27 09:34:28
37e80116-b145-4c64-b0c1-66bacacb3bcd,d268e5ba-e206-11f0-8a89-0242ac110002,safety_scanner_region,0,Integer,NORMAL_PARAMETER,2025-12-26 10:58:58,2025-12-26 10:59:02
380a7ac4-668d-48d6-a878-cc6db884d0fd,1d7fcdec-d721-11f0-a620-0242ac110002,translation_acc,,Double,NORMAL_PARAMETER,2025-12-12 14:09:28,2025-12-18 08:40:10
38245aa4-16b5-4b0b-9d38-c500008489a1,d10e03d5-e206-11f0-8a89-0242ac110002,rotate_acc,,Double,NORMAL_PARAMETER,2025-12-26 10:58:55,2025-12-26 10:58:55
394113f5-8182-4359-9d32-21253844decf,defbccc7-db25-11f0-bf4f-0242ac110002,features_requested,,Integer,NORMAL_PARAMETER,2025-12-17 16:53:35,2025-12-17 16:53:35
398bc7cd-0c4c-43c4-8df7-fec2e7e05fa1,46462261-53f4-11f1-9b5e-0242ac110002,agvMapId,7640a72f-53e5-11f1-9b5e-0242ac110002,String,NORMAL_PARAMETER,2026-05-20 10:33:24,2026-05-20 10:37:10
39a591d4-f2b5-477d-806c-b9189cda6188,c8471eeb-e071-11f0-8bc0-0242ac110002,safety_scanner_region,0,Integer,NORMAL_PARAMETER,2025-12-24 10:39:34,2025-12-24 12:47:38
39dea255-4638-434c-a5a0-4633a7f609b6,481ded39-53f4-11f1-9b5e-0242ac110002,markerCode,12,String,NORMAL_PARAMETER,2026-05-20 10:33:27,2026-05-20 10:41:09
39ec8d8a-db53-4ff7-8677-1baad072d0c7,f08d0581-53f3-11f1-9b5e-0242ac110002,features_requested,,Integer,NORMAL_PARAMETER,2026-05-20 10:31:00,2026-05-20 10:31:00
39f2fea0-5264-4997-bb8e-b91d0b588495,1ed0bb13-d721-11f0-a620-0242ac110002,safety_scanner_region,0,Integer,NORMAL_PARAMETER,2025-12-12 14:09:30,2025-12-18 08:40:17
3a77e49d-bc73-40ac-98ae-07e4340d627e,ca996955-d961-11f0-a789-0242ac110002,agvMapId,0411202b-d961-11f0-a789-0242ac110002,String,NORMAL_PARAMETER,2025-12-15 10:57:28,2025-12-15 10:57:32
3a7a41c2-7a51-4311-b8e8-8c84986140f0,3279b256-53f4-11f1-9b5e-0242ac110002,safety,,Integer,NORMAL_PARAMETER,2026-05-20 10:32:51,2026-05-20 10:33:00
3aa4bcdd-ac70-4340-9d87-acf37d93301c,e0d1ccf1-db25-11f0-bf4f-0242ac110002,markerCode,5,String,NORMAL_PARAMETER,2025-12-17 16:53:38,2025-12-17 16:53:49
3af7f26f-2358-486c-ab88-796d30f8b973,ef6ead38-53f6-11f1-9b5e-0242ac110002,markerCode,1,String,NORMAL_PARAMETER,2026-05-20 10:52:27,2026-05-20 10:52:27
3afa9b02-88c6-4a3c-8326-33d71cb9c553,fde36284-dc84-11f0-a92f-0242ac110002,safety_scanner_region,0,Integer,NORMAL_PARAMETER,2025-12-19 10:47:00,2025-12-19 10:47:00
3b05c604-75ea-47d5-8c65-43eb1d3f6943,f888a1a7-dcb2-11f0-a92f-0242ac110002,max_translation_speed,0.8,Double,NORMAL_PARAMETER,2025-12-19 16:16:08,2025-12-19 16:16:08
3b11ec60-691c-448e-a40c-07fe114b98b6,48994d4c-dd77-11f0-905f-0242ac110002,fall_prevent,,Integer,NORMAL_PARAMETER,2025-12-20 15:41:24,2025-12-20 15:41:24
3b265885-02f4-48d8-b668-1c3ee2e2433b,1d8a04cf-53f3-11f1-9b5e-0242ac110002,markerCode,3,String,NORMAL_PARAMETER,2026-05-20 10:25:06,2026-05-20 10:25:12
3b3514c0-0206-4614-86d9-fb80f1283837,ebc3fa71-dc89-11f0-a92f-0242ac110002,safety_scanner_region,0,Integer,NORMAL_PARAMETER,2025-12-19 11:22:17,2025-12-19 11:22:17
3b59ffc4-6f49-488c-ad75-cb31dad553d2,5b7157f0-dd51-11f0-905f-0242ac110002,translation_acc,,Double,NORMAL_PARAMETER,2025-12-20 11:09:54,2025-12-20 15:13:32
3b9d8023-3cce-409d-93f3-29cc3a7e7262,1d7fcdec-d721-11f0-a620-0242ac110002,markerCode,3,String,NORMAL_PARAMETER,2025-12-12 14:09:28,2025-12-18 08:40:10
3bc837d0-1995-4d1f-8faf-abc49404f5fa,688208b0-d657-11f0-b2a8-0242ac110002,safety,,Integer,NORMAL_PARAMETER,2025-12-11 14:05:35,2025-12-13 14:08:58
3c64a52a-ca84-4880-941f-26a57d970741,ca996955-d961-11f0-a789-0242ac110002,features_requested,,Integer,NORMAL_PARAMETER,2025-12-15 10:57:28,2025-12-15 10:57:32
3c7f5ae5-c06c-4e67-bfd9-beca9ec3ea22,c693a43c-e071-11f0-8bc0-0242ac110002,safety_scanner_region,0,Integer,NORMAL_PARAMETER,2025-12-24 10:39:32,2025-12-24 12:47:34
3c97e24c-ea4f-4310-97b0-b200d5245f6c,c6978b10-dca2-11f0-a92f-0242ac110002,max_translation_speed,0.8,Double,NORMAL_PARAMETER,2025-12-19 14:20:13,2025-12-19 14:20:13
3cc2304d-7518-4c86-88ed-8eac315e226c,2a02278d-e2c4-11f0-9a11-0242ac110002,safety,,Integer,NORMAL_PARAMETER,2025-12-27 09:34:19,2025-12-27 09:34:28
3d7ef874-9f58-4043-a2e9-df2e2096a261,f0db6d34-dc86-11f0-a92f-0242ac110002,D,,Double,NORMAL_PARAMETER,2025-12-19 11:00:57,2025-12-19 11:00:57
3e63f818-afee-4bde-90f6-a81ae0e5c221,4ed3040e-db25-11f0-bf4f-0242ac110002,script_data,"{
	""id"": ""1"",
	""operation_type"": ""PTZCONTROL"",
	""target"": ""MOS"",
	""operation_detail"": ""XUANNIU"",
	""action_type"": ""111"",
	""operate_params"": {
		""marker"": ""1_1_2"",
		""pallet"": [""jiudi"",""yuanfang""],
		""safe_area"": """",
		""gripper_param"": {
			""recipe"": """"
		},
		""switch_rotate_param"": {},
		""discharge_param"": {
			""mode"": """"
		},
		""handcar_param"": {},
		""GroundSwtich_param"": {}
	}
}",String,NORMAL_PARAMETER,2025-12-17 16:49:33,2025-12-17 16:55:24
3ec7e5d6-8cf4-4660-a1b8-35f26e72fdc8,f08d0581-53f3-11f1-9b5e-0242ac110002,fall_prevent,,Integer,NORMAL_PARAMETER,2026-05-20 10:31:00,2026-05-20 10:31:00
405c4ccb-2bd6-4240-abfa-5c0dc4c7e185,595f8f7a-dd51-11f0-905f-0242ac110002,rotate_acc,,Double,NORMAL_PARAMETER,2025-12-20 11:09:51,2025-12-20 15:13:28
405d8845-235a-4048-ac06-917b4db0f0fb,3279b256-53f4-11f1-9b5e-0242ac110002,markerCode,8,String,NORMAL_PARAMETER,2026-05-20 10:32:51,2026-05-20 10:33:00
4067d688-0590-4250-a417-4d0348702e06,1d8a04cf-53f3-11f1-9b5e-0242ac110002,P,,Double,NORMAL_PARAMETER,2026-05-20 10:25:06,2026-05-20 10:25:12
406bff40-8ba1-4da6-bb31-01e1b065fea6,ca996955-d961-11f0-a789-0242ac110002,markerCode,1,String,NORMAL_PARAMETER,2025-12-15 10:57:28,2025-12-15 10:57:32
40be54b2-8156-429d-b04f-f4733afb356e,c8471eeb-e071-11f0-8bc0-0242ac110002,rotate_acc,,Double,NORMAL_PARAMETER,2025-12-24 10:39:34,2025-12-24 12:47:38
40c4bf99-2e1b-4e5d-910d-5fd0197e5868,1832ffa7-53f4-11f1-9b5e-0242ac110002,D,,Double,NORMAL_PARAMETER,2026-05-20 10:32:07,2026-05-20 10:32:07
4170b4df-0ad9-4266-ace3-aa930def22fc,f1f7b834-dc86-11f0-a92f-0242ac110002,safety,,Integer,NORMAL_PARAMETER,2025-12-19 11:00:59,2025-12-19 11:01:04
41d53400-3e8c-442a-88b6-a6566560d4ab,3279b256-53f4-11f1-9b5e-0242ac110002,D,,Double,NORMAL_PARAMETER,2026-05-20 10:32:51,2026-05-20 10:33:00
4225c7f3-2b83-4588-9525-0a0df14f9a4c,fde36284-dc84-11f0-a92f-0242ac110002,pathParamSetting,0,Integer,NORMAL_PARAMETER,2025-12-19 10:47:00,2025-12-19 10:47:00
42984687-8387-49e1-916d-efb7ec1a94f6,311ad41d-53f4-11f1-9b5e-0242ac110002,max_translation_speed,,Double,NORMAL_PARAMETER,2026-05-20 10:32:49,2026-05-20 10:32:49
4342a4b4-9075-41b9-91be-849477af4f66,1c62f666-53f3-11f1-9b5e-0242ac110002,P,,Double,NORMAL_PARAMETER,2026-05-20 10:25:04,2026-05-20 10:25:04
437da7cc-c140-4909-82e7-383c0fd41704,f08d0581-53f3-11f1-9b5e-0242ac110002,safety,,Integer,NORMAL_PARAMETER,2026-05-20 10:31:00,2026-05-20 10:31:00
437f53d2-08bb-49b8-9e23-6a066c756e7c,48994d4c-dd77-11f0-905f-0242ac110002,D,,Double,NORMAL_PARAMETER,2025-12-20 15:41:24,2025-12-20 15:41:24
44c218ef-ba80-4c14-8cb0-612ebaaf9730,d268e5ba-e206-11f0-8a89-0242ac110002,safety,,Integer,NORMAL_PARAMETER,2025-12-26 10:58:58,2025-12-26 10:59:02
44d57767-3911-4020-94b1-c6aef4a4b54a,336eb9cc-e204-11f0-8a89-0242ac110002,P,,Double,NORMAL_PARAMETER,2025-12-26 10:40:12,2025-12-29 18:27:55
4511cd8e-6cc8-4a1d-a712-ab2370042caa,336eb9cc-e204-11f0-8a89-0242ac110002,rotate_acc,,Double,NORMAL_PARAMETER,2025-12-26 10:40:12,2025-12-29 18:27:55
4554f77a-1015-4f95-9cd7-3899e30ab918,c8471eeb-e071-11f0-8bc0-0242ac110002,D,,Double,NORMAL_PARAMETER,2025-12-24 10:39:34,2025-12-24 12:47:38
45cda101-a048-4087-af1a-ccf0e6505776,609f771d-db27-11f0-bf4f-0242ac110002,max_rotate_speed,,Double,NORMAL_PARAMETER,2025-12-17 17:04:22,2025-12-17 17:04:22
46630c3c-9dde-460d-9e88-4253ea6969f6,1d8a04cf-53f3-11f1-9b5e-0242ac110002,safety,,Integer,NORMAL_PARAMETER,2026-05-20 10:25:06,2026-05-20 10:25:12
4690b6ed-a044-4247-a1fe-a7fbbb261579,ffc517d2-dc84-11f0-a92f-0242ac110002,pathParamSetting,0,Integer,NORMAL_PARAMETER,2025-12-19 10:47:03,2025-12-19 10:47:13
46db6162-70c2-419e-b6ba-e57e127a4ebb,ee78f4bb-dc89-11f0-a92f-0242ac110002,pathParamSetting,0,Integer,NORMAL_PARAMETER,2025-12-19 11:22:22,2025-12-19 11:22:28
478f61ec-3f70-4f48-8e25-2e43eb317fc1,5b7157f0-dd51-11f0-905f-0242ac110002,agvMapId,09ef6607-da25-11f0-b9ee-0242ac110002,String,NORMAL_PARAMETER,2025-12-20 11:09:54,2025-12-20 15:13:32
48408c98-fc91-4b4b-ae85-e2ae0631b13a,ffc517d2-dc84-11f0-a92f-0242ac110002,max_rotate_speed,,Double,NORMAL_PARAMETER,2025-12-19 10:47:03,2025-12-19 10:47:13
48489764-bbb8-44f8-8808-528890b14542,e0d1ccf1-db25-11f0-bf4f-0242ac110002,fall_prevent,,Integer,NORMAL_PARAMETER,2025-12-17 16:53:38,2025-12-17 16:53:49
48493feb-2363-4fca-9976-6852ba098e67,194a76da-53f4-11f1-9b5e-0242ac110002,fall_prevent,,Integer,NORMAL_PARAMETER,2026-05-20 10:32:09,2026-05-20 10:32:12
48834c79-3e86-40f2-99ed-82cacdf1c05e,c7065b72-dd53-11f0-905f-0242ac110002,markerCode,13,String,NORMAL_PARAMETER,2025-12-20 11:27:14,2025-12-20 11:27:22
48bc5377-bb84-4e01-83bf-0a23eeeb0ee3,9706d573-e61d-11f0-8548-0242ac110002,P,,Double,NORMAL_PARAMETER,2025-12-31 15:52:01,2025-12-31 15:52:01
49401120-015b-4d3d-934d-8e25e47ba07c,336eb9cc-e204-11f0-8a89-0242ac110002,max_rotate_speed,,Double,NORMAL_PARAMETER,2025-12-26 10:40:12,2025-12-29 18:27:55
498fc33d-867a-4d98-a84d-9702263201ed,bb2e4f31-dca1-11f0-a92f-0242ac110002,safety_scanner_region,0,Integer,NORMAL_PARAMETER,2025-12-19 14:12:44,2025-12-19 14:12:54
499c89b2-7f7c-4b14-9d04-a0cec132ae6a,27812992-e2c4-11f0-9a11-0242ac110002,markerCode,2,String,NORMAL_PARAMETER,2025-12-27 09:34:15,2025-12-27 09:34:15
49bb9505-892b-43dc-ba4f-2515b3c9ec05,015f04f6-dc9a-11f0-a92f-0242ac110002,markerCode,9,String,NORMAL_PARAMETER,2025-12-19 13:17:26,2025-12-19 13:17:26
4a743ebf-be7f-407f-a000-3c20741491ce,3fbd8798-dcb5-11f0-a92f-0242ac110002,max_translation_speed,0.8,Double,NORMAL_PARAMETER,2025-12-19 16:32:27,2025-12-19 16:32:27
4a7446ef-7568-4537-aa77-ba2121d37256,f888a1a7-dcb2-11f0-a92f-0242ac110002,translation_acc,0.5,Double,NORMAL_PARAMETER,2025-12-19 16:16:08,2025-12-19 16:16:08
4b23334a-55e1-4ef0-ba19-400ac51153a5,0a9a35a2-e2f0-11f0-94b3-0242ac110002,safety,,Integer,NORMAL_PARAMETER,2025-12-27 14:48:25,2025-12-27 14:48:25
4b493fce-943a-4630-9a02-ffedd5892a74,25f11c08-e2e0-11f0-94b3-0242ac110002,script_data,"{
	""id"": ""1"",
	""operation_type"": ""PTZCONTROL"",
	""target"": ""MOS"",
	""operation_detail"": ""TANNIU_hezha"",
	""action_type"": ""111"",
	""operate_params"": {
		""marker"": ""1_1_2"",
		""pallet"": [""anniu_fenzha"",""anniu_hezha""],
		""safe_area"": """",
		""gripper_param"": {
			""recipe"": """"
		},
		""switch_rotate_param"": {},
		""discharge_param"": {
			""mode"": """"
		},
		""handcar_param"": {},
		""GroundSwtich_param"": {}
	}
}",String,NORMAL_PARAMETER,2025-12-27 12:54:39,2025-12-27 12:54:39
4b4a4d7f-2b9e-43d2-b508-25b6705905f6,311ad41d-53f4-11f1-9b5e-0242ac110002,agvMapId,7640a72f-53e5-11f1-9b5e-0242ac110002,String,NORMAL_PARAMETER,2026-05-20 10:32:49,2026-05-20 10:32:49
4b50c21a-90c9-4ea5-a51e-01204d59a01b,ebc3fa71-dc89-11f0-a92f-0242ac110002,fall_prevent,,Integer,NORMAL_PARAMETER,2025-12-19 11:22:17,2025-12-19 11:22:17
4b5f9689-e52b-4087-b3c1-59906bc7d0f5,49a409a2-dd77-11f0-905f-0242ac110002,features_requested,,Integer,NORMAL_PARAMETER,2025-12-20 15:41:26,2025-12-20 15:41:29
4b662978-d725-48bb-96d3-c9602c6a7c00,015f04f6-dc9a-11f0-a92f-0242ac110002,max_translation_speed,1.2,Double,NORMAL_PARAMETER,2025-12-19 13:17:26,2025-12-19 13:17:26
4da9adc5-9844-4b01-8e5f-27d9d900a8f6,311ad41d-53f4-11f1-9b5e-0242ac110002,rotate_acc,,Double,NORMAL_PARAMETER,2026-05-20 10:32:49,2026-05-20 10:32:49
4df4d63c-ea71-45e8-bdd8-8effa9913d40,caab7b0b-d973-11f0-af13-0242ac110002,pathParamSetting,0,Integer,NORMAL_PARAMETER,2025-12-15 13:06:19,2025-12-15 13:06:19
4e8dd1ba-7842-452c-b12d-ca94714173e0,9706d573-e61d-11f0-8548-0242ac110002,safety,,Integer,NORMAL_PARAMETER,2025-12-31 15:52:01,2025-12-31 15:52:01
4e90a441-e9c7-42f9-958a-e48501d30921,ebc3fa71-dc89-11f0-a92f-0242ac110002,pathParamSetting,0,Integer,NORMAL_PARAMETER,2025-12-19 11:22:17,2025-12-19 11:22:17
4e935775-e2b7-4368-b13c-52f7e6614586,46462261-53f4-11f1-9b5e-0242ac110002,pathParamSetting,0,Integer,NORMAL_PARAMETER,2026-05-20 10:33:24,2026-05-20 10:37:10
4fb975eb-3811-4ba5-8240-5742cfc65e98,ee78f4bb-dc89-11f0-a92f-0242ac110002,agvMapId,09ef6607-da25-11f0-b9ee-0242ac110002,String,NORMAL_PARAMETER,2025-12-19 11:22:22,2025-12-19 11:22:28
4fcf1b73-3326-479e-8dc3-e84636252b7b,1ed0bb13-d721-11f0-a620-0242ac110002,translation_acc,,Double,NORMAL_PARAMETER,2025-12-12 14:09:30,2025-12-18 08:40:17
4feeb37c-0346-44c5-9f10-b34d5041a0ff,f1ebd328-53f3-11f1-9b5e-0242ac110002,translation_acc,,Double,NORMAL_PARAMETER,2026-05-20 10:31:03,2026-05-20 10:31:07
50225a92-b7bb-4ead-b153-5d51e827313b,595f8f7a-dd51-11f0-905f-0242ac110002,translation_acc,,Double,NORMAL_PARAMETER,2025-12-20 11:09:51,2025-12-20 15:13:28
50bfe730-81dc-4593-be3b-653818feca59,91928385-eacb-11f0-b6f4-0242ac110002,D,,Double,NORMAL_PARAMETER,2026-01-06 14:47:29,2026-01-06 14:47:38
516e685f-d444-437e-b5c8-4699ad1a4e41,9db60c0c-e61d-11f0-8548-0242ac110002,fall_prevent,,Integer,NORMAL_PARAMETER,2025-12-31 15:52:12,2025-12-31 15:52:18
51c6bef6-5dd2-4ee3-91b9-22afcb027f76,1832ffa7-53f4-11f1-9b5e-0242ac110002,safety,,Integer,NORMAL_PARAMETER,2026-05-20 10:32:07,2026-05-20 10:32:07
5244aa49-4e8f-47fc-bb86-adf13985d606,512d68b5-53f4-11f1-9b5e-0242ac110002,pathParamSetting,0,Integer,NORMAL_PARAMETER,2026-05-20 10:33:42,2026-05-20 10:41:16
5256f0ed-863d-4ee5-b9bf-da565643de0c,0a9a35a2-e2f0-11f0-94b3-0242ac110002,agvMapId,mapId,String,RUNTIME_PARAMETER,2025-12-27 14:48:25,2025-12-27 14:48:25
525aaeaf-0d5f-4b47-8402-98afa42a9d18,a8626880-e61d-11f0-8548-0242ac110002,script_data,"{
""id"": ""1"",
""operation_type"": ""PTZCONTROL"",
""target"": ""MOS"",
""operation_detail"": ""CONTROL"",
""action_type"": ""111"",
""PTZcontrol_params"": {
""channel_1"": {
""camera_name"": ""visible"",
""channel_type"": 1,
""photo_action"": true,
""video_action"": false,
""temp_action"": false,
""expert_temp_action"": false,
""param_type"": 1,
""setting_action"": true,
""preset_action"": false,
""params"": {
""P"": 90,
""T"": 0,
""Z"": 1,
""focus"": 60000,
""iris"": 200,
""brightness"": 0,
""contrast"": 0,
""saturation"": 0,
""sharpness"": 0,
""light_inhibit_switch"": 0,
""focus_mode"": 2,
""noise_mode"": 0,
""noise_level"": 0,
""spectral_level"": 0,
""temporal_level"": 0,
""defog_mode"": 0,
""light_switch"": 0,
""wiper_switch"": 0,
""record_time"": 0,
""preset_id"": 1,
""waiting_time"": 0
}
},
""channel_2"": {
""camera_name"": ""visible"",
""channel_type"": 1,
""photo_action"": true,
""video_action"": false,
""temp_action"": false,
""expert_temp_action"": false,
""param_type"": 1,
""setting_action"": true,
""preset_action"": false,
""params"": {
""P"": 90,
""T"": 0,
""Z"": 7,
""focus"": 0,
""iris"": 0,
""brightness"": 0,
""contrast"": 0,
""saturation"": 0,
""sharpness"": 0,
""light_inhibit_switch"": 0,
""focus_mode"": 0,
""noise_mode"": 0,
""noise_level"": 0,
""spectral_level"": 0,
""temporal_level"": 0,
""defog_mode"": 0,
""light_switch"": 0,
""wiper_switch"": 0,
""record_time"": 0,
""preset_id"": 0,
""waiting_time"": 0
}
},
""HIK_Camera_TypeB"": {
""camera_name"": ""HIK_Camera_TypeB"",
""channel_type"": 1,
""photo_action"": false,
""video_action"": false,
""temp_action"": false,
""expert_temp_action"": false,
""param_type"": 1,
""setting_action"": false,
""preset_action"": false,
""params"": {
""P"": 0,
""T"": 0,
""Z"": 7,
""focus"": 0,
""iris"": 0,
""brightness"": 0,
""contrast"": 0,
""saturation"": 0,
""sharpness"": 0,
""light_inhibit_switch"": 0,
""focus_mode"": 0,
""noise_mode"": 0,
""noise_level"": 0,
""spectral_level"": 0,
""temporal_level"": 0,
""defog_mode"": 0,
""light_switch"": 0,
""wiper_switch"": 0,
""record_time"": 0,
""preset_id"": 0,
""waiting_time"": 0
}
},
""HIK_Camera_TypeC"": {
""camera_name"": ""HIK_Camera_TypeC"",
""channel_type"": 1,
""photo_action"": false,
""video_action"": false,
""temp_action"": false,
""expert_temp_action"": false,
""param_type"": 1,
""setting_action"": false,
""preset_action"": false,
""params"": {
""P"": 0,
""T"": 0,
""Z"": 0,
""focus"": 0,
""iris"": 0,
""brightness"": 0,
""contrast"": 0,
""saturation"": 0,
""sharpness"": 0,
""light_inhibit_switch"": 0,
""focus_mode"": 0,
""noise_mode"": 0,
""noise_level"": 0,
""spectral_level"": 0,
""temporal_level"": 0,
""defog_mo de"": 0,
""light_switch"": 0,
""wiper_switch"": 0,
""record_time"": 0,
""preset_id"": 0,
""waiting_time"": 0
}
}
}
}",String,NORMAL_PARAMETER,2025-12-31 15:52:30,2025-12-31 15:52:38
5311f91e-cc7e-4690-acc4-309f0d2f5b47,ffa5a1e1-da5c-11f0-aaf4-0242ac110002,script_data,"{
	""id"": ""1"",
	""operation_type"": ""PTZCONTROL"",
	""target"": ""MOS"",
	""operation_detail"": ""shouche_out"",
	""action_type"": ""111"",
	""operate_params"": {
		""marker"": ""1_1_2"",
		""pallet"": [""yuanfang"",""jiudi""],
		""safe_area"": """",
		""gripper_param"": {
			""recipe"": """"
		},
		""switch_rotate_param"": {},
		""discharge_param"": {
			""mode"": """"
		},
		""handcar_param"": {},
		""GroundSwtich_param"": {}
	}
}",String,NORMAL_PARAMETER,2025-12-16 16:55:41,2025-12-16 16:55:56
533b23a2-e1be-4403-ab77-4bf865059995,3fbd8798-dcb5-11f0-a92f-0242ac110002,agvMapId,09ef6607-da25-11f0-b9ee-0242ac110002,String,NORMAL_PARAMETER,2025-12-19 16:32:27,2025-12-19 16:32:27
53642382-3a48-43e1-8b13-5795a1b52efc,595f8f7a-dd51-11f0-905f-0242ac110002,features_requested,,Integer,NORMAL_PARAMETER,2025-12-20 11:09:51,2025-12-20 15:13:28
53cd4b91-c780-4644-8472-140a32ee70d2,1ed0bb13-d721-11f0-a620-0242ac110002,D,,Double,NORMAL_PARAMETER,2025-12-12 14:09:30,2025-12-18 08:40:17
53dded2d-03ba-4975-8e01-f6645a3f7a4e,1c62f666-53f3-11f1-9b5e-0242ac110002,agvMapId,7640a72f-53e5-11f1-9b5e-0242ac110002,String,NORMAL_PARAMETER,2026-05-20 10:25:04,2026-05-20 10:25:04
53f3a16f-6244-4bc3-8c07-582f926f1e72,bb2e4f31-dca1-11f0-a92f-0242ac110002,pathParamSetting,0,Integer,NORMAL_PARAMETER,2025-12-19 14:12:44,2025-12-19 14:12:54
5403a33b-c24f-4427-bd20-29aae58c9df0,311ad41d-53f4-11f1-9b5e-0242ac110002,max_rotate_speed,,Double,NORMAL_PARAMETER,2026-05-20 10:32:49,2026-05-20 10:32:49
543bb931-b29e-4a8b-9d73-f6736a0f4b27,01b19d86-dc9a-11f0-a92f-0242ac110002,translation_acc,0.5,Double,NORMAL_PARAMETER,2025-12-19 13:17:26,2025-12-19 13:17:26
5450b28e-1f5c-439f-a5c6-8bcd5331fa37,1d7fcdec-d721-11f0-a620-0242ac110002,max_rotate_speed,,Double,NORMAL_PARAMETER,2025-12-12 14:09:28,2025-12-18 08:40:10
54cf453d-9594-410f-ac7b-88988af2b21e,caab7b0b-d973-11f0-af13-0242ac110002,fall_prevent,,Integer,NORMAL_PARAMETER,2025-12-15 13:06:19,2025-12-15 13:06:19
55a475b0-5714-49a3-bfd6-b818fc5e091d,69b62f0d-d657-11f0-b2a8-0242ac110002,max_translation_speed,,Double,NORMAL_PARAMETER,2025-12-11 14:05:37,2025-12-13 14:26:14
55dd8f10-884f-46c4-abc5-9ce01ad8b238,1ed0bb13-d721-11f0-a620-0242ac110002,pathParamSetting,0,Integer,NORMAL_PARAMETER,2025-12-12 14:09:30,2025-12-18 08:40:17
55de9bf1-1e8a-424b-8985-3f6d6010b679,d3cea9c5-dc95-11f0-a92f-0242ac110002,translation_acc,0.5,Double,NORMAL_PARAMETER,2025-12-19 12:47:31,2025-12-19 12:47:31
56d4c844-c36e-4ce5-8516-70f1f9408d9c,3fbd8798-dcb5-11f0-a92f-0242ac110002,pathParamSetting,1,Integer,NORMAL_PARAMETER,2025-12-19 16:32:27,2025-12-19 16:32:27
56eb2c6d-2e38-43da-9968-634c5e34b24e,3279b256-53f4-11f1-9b5e-0242ac110002,safety_scanner_region,0,Integer,NORMAL_PARAMETER,2026-05-20 10:32:51,2026-05-20 10:33:00
570952c5-d77c-4da6-a34e-75d2470d70c6,49a409a2-dd77-11f0-905f-0242ac110002,max_rotate_speed,,Double,NORMAL_PARAMETER,2025-12-20 15:41:26,2025-12-20 15:41:29
573e6762-4775-4e6b-81a2-80bc3e8de635,d10e03d5-e206-11f0-8a89-0242ac110002,translation_acc,,Double,NORMAL_PARAMETER,2025-12-26 10:58:55,2025-12-26 10:58:55
579da724-4a3b-4314-89d7-c2ed9b8eda9b,4bf83e47-db27-11f0-bf4f-0242ac110002,P,,Double,NORMAL_PARAMETER,2025-12-17 17:03:47,2025-12-17 17:03:56
57bfe0f6-3247-4101-9d69-f701276bb0fc,46462261-53f4-11f1-9b5e-0242ac110002,D,,Double,NORMAL_PARAMETER,2026-05-20 10:33:24,2026-05-20 10:37:10
58492061-2679-4438-96cb-6c7081fab97b,f08d0581-53f3-11f1-9b5e-0242ac110002,safety_scanner_region,0,Integer,NORMAL_PARAMETER,2026-05-20 10:31:00,2026-05-20 10:31:00
5879bb3b-c002-4740-969a-e0d7757a3c6e,ef6ead38-53f6-11f1-9b5e-0242ac110002,features_requested,,Integer,NORMAL_PARAMETER,2026-05-20 10:52:27,2026-05-20 10:52:27
58a720ee-cb45-4177-8a4f-acd0488c02bc,46462261-53f4-11f1-9b5e-0242ac110002,translation_acc,,Double,NORMAL_PARAMETER,2026-05-20 10:33:24,2026-05-20 10:37:10
58cd6476-07e1-480a-9b3e-acb40c7dedac,ef6ead38-53f6-11f1-9b5e-0242ac110002,pathParamSetting,0,Integer,NORMAL_PARAMETER,2026-05-20 10:52:27,2026-05-20 10:52:27
5903b311-c377-4119-9435-8791d4124bca,d10e03d5-e206-11f0-8a89-0242ac110002,markerCode,2,String,NORMAL_PARAMETER,2025-12-26 10:58:55,2025-12-26 10:58:55
5909ee3b-3405-4e7e-8661-d74d3296b057,69b62f0d-d657-11f0-b2a8-0242ac110002,safety_scanner_region,0,Integer,NORMAL_PARAMETER,2025-12-11 14:05:37,2025-12-13 14:26:14
591fce27-ef2b-4bae-b18c-d02e9f6e8108,68e4a50f-db27-11f0-bf4f-0242ac110002,script_data,"{
	""id"": ""1"",
	""operation_type"": ""PTZCONTROL"",
	""target"": ""MOS"",
	""operation_detail"": ""didao_hezha"",
	""action_type"": ""111"",
	""operate_params"": {
		""marker"": ""1_1_2"",
		""pallet"": [""yuanfang"",""jiudi""],
		""safe_area"": """",
		""gripper_param"": {
			""recipe"": """"
		},
		""switch_rotate_param"": {},
		""discharge_param"": {
			""mode"": """"
		},
		""handcar_param"": {},
		""GroundSwtich_param"": {}
	}
}",String,NORMAL_PARAMETER,2025-12-17 17:04:36,2025-12-17 17:15:32
5b1e2000-69eb-403f-9ec6-0faa15c9e6b1,481ded39-53f4-11f1-9b5e-0242ac110002,P,,Double,NORMAL_PARAMETER,2026-05-20 10:33:27,2026-05-20 10:41:09
5b3af905-c083-4eaa-906e-a1cb734c4ed4,f0db6d34-dc86-11f0-a92f-0242ac110002,fall_prevent,,Integer,NORMAL_PARAMETER,2025-12-19 11:00:57,2025-12-19 11:00:57
5b49a9a0-b7b1-447d-8657-b8f749d2f542,595f8f7a-dd51-11f0-905f-0242ac110002,pathParamSetting,0,Integer,NORMAL_PARAMETER,2025-12-20 11:09:51,2025-12-20 15:13:28
5b4b7d80-f0b7-4e00-8e5a-cd9e7b40aa05,c7065b72-dd53-11f0-905f-0242ac110002,rotate_acc,,Double,NORMAL_PARAMETER,2025-12-20 11:27:14,2025-12-20 11:27:22
5b85bd89-5734-4fe3-b09f-b36f709cc8cc,defbccc7-db25-11f0-bf4f-0242ac110002,translation_acc,,Double,NORMAL_PARAMETER,2025-12-17 16:53:35,2025-12-17 16:53:35
5bda8c1d-1578-4e27-b566-643fec19467d,3279b256-53f4-11f1-9b5e-0242ac110002,agvMapId,7640a72f-53e5-11f1-9b5e-0242ac110002,String,NORMAL_PARAMETER,2026-05-20 10:32:51,2026-05-20 10:33:00
5c0d3f72-9913-4b00-9870-f9044e586561,3279b256-53f4-11f1-9b5e-0242ac110002,max_translation_speed,,Double,NORMAL_PARAMETER,2026-05-20 10:32:51,2026-05-20 10:33:00
5cbac716-d39f-459d-a9c2-c87935d826a3,1d8a04cf-53f3-11f1-9b5e-0242ac110002,safety_scanner_region,0,Integer,NORMAL_PARAMETER,2026-05-20 10:25:06,2026-05-20 10:25:12
5dad78a6-3cd2-428e-b13c-2363403061eb,f08d0581-53f3-11f1-9b5e-0242ac110002,translation_acc,,Double,NORMAL_PARAMETER,2026-05-20 10:31:00,2026-05-20 10:31:00
5de3c1c1-02cd-4df9-b116-3d7c043c6354,66b8f702-dae8-11f0-bf4f-0242ac110002,safety_scanner_region,0,Integer,NORMAL_PARAMETER,2025-12-17 09:33:34,2025-12-17 09:33:34
5dfae684-21df-4332-9696-596827f9bad4,d7a3d092-dc76-11f0-a92f-0242ac110002,script_data,"{
	""id"": ""1"",
	""operation_type"": ""PTZCONTROL"",
	""target"": ""MOS"",
	""operation_detail"": ""XUANNIU"",
	""action_type"": ""111"",
	""operate_params"": {
		""marker"": ""1_1_3"",
		""pallet"": [""xuanniu_yuanfang"",""xuanniu_jiudi""],
		""safe_area"": """",
		""gripper_param"": {
			""recipe"": """"
		},
		""switch_rotate_param"": {},
		""discharge_param"": {
			""mode"": """"
		},
		""handcar_param"": {},
		""GroundSwtich_param"": {}
	}
}",String,NORMAL_PARAMETER,2025-12-19 09:05:43,2025-12-19 10:39:14
5e7a3c05-4340-420c-830f-4b2e0b080780,609f771d-db27-11f0-bf4f-0242ac110002,safety_scanner_region,0,Integer,NORMAL_PARAMETER,2025-12-17 17:04:22,2025-12-17 17:04:22
5ec975c8-346b-444e-a2cb-4d70f5a8fa9f,66b8f702-dae8-11f0-bf4f-0242ac110002,features_requested,,Integer,NORMAL_PARAMETER,2025-12-17 09:33:34,2025-12-17 09:33:34
5f41751a-eae1-4986-824b-46838a3a31b6,35bb6a0d-53f7-11f1-9b5e-0242ac110002,features_requested,,Integer,NORMAL_PARAMETER,2026-05-20 10:54:25,2026-05-20 10:54:25
5f7c740e-6459-4069-b756-aee06b0392ca,ee78f4bb-dc89-11f0-a92f-0242ac110002,safety,,Integer,NORMAL_PARAMETER,2025-12-19 11:22:22,2025-12-19 11:22:28
5f818d1a-dadb-4b21-bcbb-e570d730283c,c8471eeb-e071-11f0-8bc0-0242ac110002,features_requested,,Integer,NORMAL_PARAMETER,2025-12-24 10:39:34,2025-12-24 12:47:38
5fc8893d-847f-461f-b030-ca3485c49f39,ef6ead38-53f6-11f1-9b5e-0242ac110002,rotate_acc,,Double,NORMAL_PARAMETER,2026-05-20 10:52:27,2026-05-20 10:52:27
5fd85837-9a1e-41a4-8da4-fa34485d2cd1,c8ff5114-d961-11f0-a789-0242ac110002,markerCode,2,String,NORMAL_PARAMETER,2025-12-15 10:57:26,2025-12-15 10:57:26
5ff58321-cb2b-453e-aeaf-a7805f56fcb5,481ded39-53f4-11f1-9b5e-0242ac110002,safety_scanner_region,0,Integer,NORMAL_PARAMETER,2026-05-20 10:33:27,2026-05-20 10:41:09
5ff869fb-2c3a-46e8-99c3-291e59a7a5d0,ee054a78-da5c-11f0-aaf4-0242ac110002,script_data,"{
	""id"": ""1"",
	""operation_type"": ""PTZCONTROL"",
	""target"": ""MOS"",
	""operation_detail"": ""ANNIU_fenzha"",
	""action_type"": ""111"",
	""operate_params"": {
		""marker"": ""1_1_2"",
		""pallet"": [""yuanfang"",""jiudi""],
		""safe_area"": """",
		""gripper_param"": {
			""recipe"": """"
		},
		""switch_rotate_param"": {},
		""discharge_param"": {
			""mode"": """"
		},
		""handcar_param"": {},
		""GroundSwtich_param"": {}
	}
}",String,NORMAL_PARAMETER,2025-12-16 16:55:11,2025-12-16 16:55:37
605c7116-4349-4bb6-91da-23d347210246,194a76da-53f4-11f1-9b5e-0242ac110002,translation_acc,,Double,NORMAL_PARAMETER,2026-05-20 10:32:09,2026-05-20 10:32:12
60a86a4f-44d2-4ab2-87b3-2d5f6e3c6e3f,e0d1ccf1-db25-11f0-bf4f-0242ac110002,rotate_acc,,Double,NORMAL_PARAMETER,2025-12-17 16:53:38,2025-12-17 16:53:49
6104e3a4-3284-4275-a49e-6f1d7c9369eb,9706d573-e61d-11f0-8548-0242ac110002,fall_prevent,,Integer,NORMAL_PARAMETER,2025-12-31 15:52:01,2025-12-31 15:52:01
610859b9-f111-478c-9ca8-1ae169b1d871,1d7fcdec-d721-11f0-a620-0242ac110002,features_requested,,Integer,NORMAL_PARAMETER,2025-12-12 14:09:28,2025-12-18 08:40:10
617488cf-1767-4e5d-90bd-891be49a3666,479cd504-d7c8-11f0-b3a8-0242ac110002,max_translation_speed,,Double,NORMAL_PARAMETER,2025-12-13 10:06:04,2025-12-13 10:06:04
61d9184a-9665-4d89-86c3-4749583a8d48,ef6ead38-53f6-11f1-9b5e-0242ac110002,max_translation_speed,,Double,NORMAL_PARAMETER,2026-05-20 10:52:27,2026-05-20 10:52:27
61ebed2e-9b5c-4d53-b0d9-5797293bd4f6,c7065b72-dd53-11f0-905f-0242ac110002,pathParamSetting,0,Integer,NORMAL_PARAMETER,2025-12-20 11:27:14,2025-12-20 11:27:22
61ff5239-61ae-4f42-812d-687409d4aa56,d10e03d5-e206-11f0-8a89-0242ac110002,agvMapId,09ef6607-da25-11f0-b9ee-0242ac110002,String,NORMAL_PARAMETER,2025-12-26 10:58:55,2025-12-26 10:58:55
62ac550d-12a2-42af-a998-07de741535ff,f08d0581-53f3-11f1-9b5e-0242ac110002,markerCode,10,String,NORMAL_PARAMETER,2026-05-20 10:31:00,2026-05-20 10:31:00
62bdb570-8a31-436a-86ea-c8b5f41c3eae,311ad41d-53f4-11f1-9b5e-0242ac110002,safety,,Integer,NORMAL_PARAMETER,2026-05-20 10:32:49,2026-05-20 10:32:49
62e9ee39-b611-4e06-ab06-e2bf27861f24,27812992-e2c4-11f0-9a11-0242ac110002,max_rotate_speed,,Double,NORMAL_PARAMETER,2025-12-27 09:34:15,2025-12-27 09:34:15
635fe02f-3781-4084-9400-e29c61089a16,d10e03d5-e206-11f0-8a89-0242ac110002,fall_prevent,,Integer,NORMAL_PARAMETER,2025-12-26 10:58:55,2025-12-26 10:58:55
636ec0c5-c8f3-49bc-ac84-dfb20e73492c,b9f656f0-dca1-11f0-a92f-0242ac110002,safety_scanner_region,0,Integer,NORMAL_PARAMETER,2025-12-19 14:12:42,2025-12-19 14:12:42
63bb0b1a-ddc7-4ddc-b86e-fc00941fdb1a,1d7fcdec-d721-11f0-a620-0242ac110002,rotate_acc,,Double,NORMAL_PARAMETER,2025-12-12 14:09:28,2025-12-18 08:40:10
6477acac-2744-4ca2-89fe-42469a718780,ebc3fa71-dc89-11f0-a92f-0242ac110002,rotate_acc,,Double,NORMAL_PARAMETER,2025-12-19 11:22:17,2025-12-19 11:22:17
6494a3e4-774d-4cfd-af82-e727c3bb998a,c6ea3b84-dca2-11f0-a92f-0242ac110002,translation_acc,0.5,Double,NORMAL_PARAMETER,2025-12-19 14:20:13,2025-12-19 14:20:13
64a21cf4-f569-4940-94ed-2ab174199217,f08d0581-53f3-11f1-9b5e-0242ac110002,max_rotate_speed,,Double,NORMAL_PARAMETER,2026-05-20 10:31:00,2026-05-20 10:31:00
64cdd51d-fee0-4004-986f-2f6b64ec6eb6,d268e5ba-e206-11f0-8a89-0242ac110002,D,,Double,NORMAL_PARAMETER,2025-12-26 10:58:58,2025-12-26 10:59:02
64ce18b3-6116-4bf1-be28-b352700665d5,f1f7b834-dc86-11f0-a92f-0242ac110002,fall_prevent,,Integer,NORMAL_PARAMETER,2025-12-19 11:00:59,2025-12-19 11:01:04
65527bd2-0be5-41c8-a21d-67afde9cdae2,1832ffa7-53f4-11f1-9b5e-0242ac110002,translation_acc,,Double,NORMAL_PARAMETER,2026-05-20 10:32:07,2026-05-20 10:32:07
65c4589a-6476-4b40-8a2e-a5e018335d21,27812992-e2c4-11f0-9a11-0242ac110002,agvMapId,09ef6607-da25-11f0-b9ee-0242ac110002,String,NORMAL_PARAMETER,2025-12-27 09:34:15,2025-12-27 09:34:15
66578421-b617-4197-9c5b-a725dfb3ecb5,e0d1ccf1-db25-11f0-bf4f-0242ac110002,translation_acc,,Double,NORMAL_PARAMETER,2025-12-17 16:53:38,2025-12-17 16:53:49
669cd5fa-4a5c-4506-880c-389567e632d5,1c62f666-53f3-11f1-9b5e-0242ac110002,max_translation_speed,,Double,NORMAL_PARAMETER,2026-05-20 10:25:04,2026-05-20 10:25:04
6703850f-26af-43d5-afc3-64ac8858a700,27812992-e2c4-11f0-9a11-0242ac110002,pathParamSetting,0,Integer,NORMAL_PARAMETER,2025-12-27 09:34:15,2025-12-27 09:34:15
67101ad8-42d3-4689-8a74-2a0416c2c91c,d3cea9c5-dc95-11f0-a92f-0242ac110002,agvMapId,09ef6607-da25-11f0-b9ee-0242ac110002,String,NORMAL_PARAMETER,2025-12-19 12:47:31,2025-12-19 12:47:31
67884e06-dfdc-409d-9821-fbbe1ef026e9,eb621f74-eacb-11f0-b6f4-0242ac110002,operation,1,Integer,NORMAL_PARAMETER,2026-01-06 14:50:00,2026-01-06 14:50:00
67c3565c-3342-4779-97d1-26497596bcc5,5b7157f0-dd51-11f0-905f-0242ac110002,rotate_acc,,Double,NORMAL_PARAMETER,2025-12-20 11:09:54,2025-12-20 15:13:32
67febe9a-e3c0-4918-8ef6-c63e9b5219a2,1c62f666-53f3-11f1-9b5e-0242ac110002,features_requested,,Integer,NORMAL_PARAMETER,2026-05-20 10:25:04,2026-05-20 10:25:04
68001980-3c1d-4315-b3ee-dc59af706a40,16f193d6-e2e0-11f0-94b3-0242ac110002,script_data,"{
	""id"": ""1"",
	""operation_type"": ""PTZCONTROL"",
	""target"": ""MOS"",
	""operation_detail"": ""shouche_yaojing"",
	""action_type"": ""111"",
	""operate_params"": {
		""marker"": ""1_1_2"",
		""pallet"": [""anniu_hezha"",""anniu_fenzha""],
		""safe_area"": """",
		""gripper_param"": {
			""recipe"": """"
		},
		""switch_rotate_param"": {},
		""discharge_param"": {
			""mode"": """"
		},
		""handcar_param"": {},
		""GroundSwtich_param"": {}
	}
}",String,NORMAL_PARAMETER,2025-12-27 12:54:13,2025-12-27 12:54:13
689dc3f3-ce5d-4c00-9d3c-a61c68017f9a,69b62f0d-d657-11f0-b2a8-0242ac110002,features_requested,,Integer,NORMAL_PARAMETER,2025-12-11 14:05:37,2025-12-13 14:26:14
68aae26e-4e73-4d0d-ba47-b47b2fd2be84,f1f7b834-dc86-11f0-a92f-0242ac110002,P,,Double,NORMAL_PARAMETER,2025-12-19 11:00:59,2025-12-19 11:01:04
68c01684-3c55-47c8-8027-86f30604fc36,defbccc7-db25-11f0-bf4f-0242ac110002,fall_prevent,,Integer,NORMAL_PARAMETER,2025-12-17 16:53:35,2025-12-17 16:53:35
68f70129-5b80-434a-82de-1fc18156f472,015f04f6-dc9a-11f0-a92f-0242ac110002,pathParamSetting,1,Integer,NORMAL_PARAMETER,2025-12-19 13:17:26,2025-12-19 13:17:26
69796603-42ab-4c07-8d85-5def98b7b366,479cd504-d7c8-11f0-b3a8-0242ac110002,P,,Double,NORMAL_PARAMETER,2025-12-13 10:06:04,2025-12-13 10:06:04
6a2be384-e69d-4fef-8c72-eaf930afccfc,66b8f702-dae8-11f0-bf4f-0242ac110002,agvMapId,09ef6607-da25-11f0-b9ee-0242ac110002,String,NORMAL_PARAMETER,2025-12-17 09:33:34,2025-12-17 09:33:34
6a678ba2-5695-410d-bcd8-b655a61ce01e,ee78f4bb-dc89-11f0-a92f-0242ac110002,safety_scanner_region,0,Integer,NORMAL_PARAMETER,2025-12-19 11:22:22,2025-12-19 11:22:28
6a715990-f45e-40d0-a923-809df938c50a,48994d4c-dd77-11f0-905f-0242ac110002,rotate_acc,,Double,NORMAL_PARAMETER,2025-12-20 15:41:24,2025-12-20 15:41:24
6aa2d0cd-fda5-4899-8969-07b5798b5ef5,0e393f10-db26-11f0-bf4f-0242ac110002,D,,Double,NORMAL_PARAMETER,2025-12-17 16:54:54,2025-12-17 16:54:59
6b323a4d-941a-4539-90c6-55f774952a45,1832ffa7-53f4-11f1-9b5e-0242ac110002,features_requested,,Integer,NORMAL_PARAMETER,2026-05-20 10:32:07,2026-05-20 10:32:07
6b4670cc-5153-4e22-8e0c-6dac860e1290,e0d1ccf1-db25-11f0-bf4f-0242ac110002,safety_scanner_region,0,Integer,NORMAL_PARAMETER,2025-12-17 16:53:38,2025-12-17 16:53:49
6b4952fb-fdd4-4595-8087-3979799f04fd,d268e5ba-e206-11f0-8a89-0242ac110002,translation_acc,,Double,NORMAL_PARAMETER,2025-12-26 10:58:58,2025-12-26 10:59:02
6baef8d7-bac0-4c26-9195-3df9a4bf53a1,9db60c0c-e61d-11f0-8548-0242ac110002,pathParamSetting,0,Integer,NORMAL_PARAMETER,2025-12-31 15:52:12,2025-12-31 15:52:18
6c8536ec-7093-459a-a641-ecc50418a8f9,b31c84cb-dcac-11f0-a92f-0242ac110002,safety,1,Integer,NORMAL_PARAMETER,2025-12-19 15:31:15,2025-12-19 15:31:15
6cac7127-7216-4a07-9e3e-7d2d6899d773,ebc3fa71-dc89-11f0-a92f-0242ac110002,features_requested,,Integer,NORMAL_PARAMETER,2025-12-19 11:22:17,2025-12-19 11:22:17
6d9de4b9-c5aa-4c89-b74f-67edbc31416b,df1ac66a-e2fd-11f0-94b3-0242ac110002,agvMapId,09ef6607-da25-11f0-b9ee-0242ac110002,String,NORMAL_PARAMETER,2025-12-27 16:27:25,2025-12-27 16:27:25
6d9f7552-2164-4d20-ab1e-5022eb3301d3,1c62f666-53f3-11f1-9b5e-0242ac110002,safety,,Integer,NORMAL_PARAMETER,2026-05-20 10:25:04,2026-05-20 10:25:04
6dae2b1b-309d-4efa-a6c3-ec7cdb1ed8b9,0e393f10-db26-11f0-bf4f-0242ac110002,safety,,Integer,NORMAL_PARAMETER,2025-12-17 16:54:54,2025-12-17 16:54:59
6dc7fb29-5bf0-4d86-90b8-f2fb013e8ae7,f0b6197d-53f6-11f1-9b5e-0242ac110002,agvMapId,7640a72f-53e5-11f1-9b5e-0242ac110002,String,NORMAL_PARAMETER,2026-05-20 10:52:29,2026-05-20 10:52:34
6dd81b8a-f18e-4c0f-9e40-e1ba3cf3ca44,3b951953-db27-11f0-bf4f-0242ac110002,max_rotate_speed,,Double,NORMAL_PARAMETER,2025-12-17 17:03:20,2025-12-17 17:03:20
6e44f242-be5c-4011-a430-4b0c8837fdea,ee78f4bb-dc89-11f0-a92f-0242ac110002,features_requested,,Integer,NORMAL_PARAMETER,2025-12-19 11:22:22,2025-12-19 11:22:28
6f6ab478-86e2-4c89-a2b2-7be84cf4405b,b9f656f0-dca1-11f0-a92f-0242ac110002,max_translation_speed,,Double,NORMAL_PARAMETER,2025-12-19 14:12:42,2025-12-19 14:12:42
6f827a8a-c706-447e-bcb9-aaf6843500da,c693a43c-e071-11f0-8bc0-0242ac110002,agvMapId,281dcf03-e066-11f0-8bc0-0242ac110002,String,NORMAL_PARAMETER,2025-12-24 10:39:32,2025-12-24 12:47:34
6fcfa37e-51db-4a57-b408-049fa4a6f123,4bf83e47-db27-11f0-bf4f-0242ac110002,rotate_acc,,Double,NORMAL_PARAMETER,2025-12-17 17:03:47,2025-12-17 17:03:56
708c3056-f9ec-4379-adf6-6c34b95a465e,1832ffa7-53f4-11f1-9b5e-0242ac110002,P,,Double,NORMAL_PARAMETER,2026-05-20 10:32:07,2026-05-20 10:32:07
70ba4a3e-b121-46b5-8e38-d2b05c0b665e,49a409a2-dd77-11f0-905f-0242ac110002,rotate_acc,,Double,NORMAL_PARAMETER,2025-12-20 15:41:26,2025-12-20 15:41:29
7117b1c8-b08d-452b-8312-d96002172574,3b951953-db27-11f0-bf4f-0242ac110002,features_requested,,Integer,NORMAL_PARAMETER,2025-12-17 17:03:20,2025-12-17 17:03:20
713baeff-ff5c-454c-8730-40488118fc6a,46462261-53f4-11f1-9b5e-0242ac110002,markerCode,7,String,NORMAL_PARAMETER,2026-05-20 10:33:24,2026-05-20 10:37:10
72430924-e073-43d8-916a-1babd606396b,c8ff5114-d961-11f0-a789-0242ac110002,rotate_acc,,Double,NORMAL_PARAMETER,2025-12-15 10:57:26,2025-12-15 10:57:26
72783986-dd27-4926-b321-f67e329249c9,f08d0581-53f3-11f1-9b5e-0242ac110002,P,,Double,NORMAL_PARAMETER,2026-05-20 10:31:00,2026-05-20 10:31:00
7297f439-212b-4560-a09e-7e96460220ca,c7065b72-dd53-11f0-905f-0242ac110002,fall_prevent,,Integer,NORMAL_PARAMETER,2025-12-20 11:27:14,2025-12-20 11:27:22
72a37603-a634-406d-9a80-848b31f86be9,c693a43c-e071-11f0-8bc0-0242ac110002,features_requested,,Integer,NORMAL_PARAMETER,2025-12-24 10:39:32,2025-12-24 12:47:34
72fa4abd-073b-44a1-bf5b-3b68ba442832,1832ffa7-53f4-11f1-9b5e-0242ac110002,rotate_acc,,Double,NORMAL_PARAMETER,2026-05-20 10:32:07,2026-05-20 10:32:07
736aded1-1b9c-4a65-8b11-50294f60309a,35bb6a0d-53f7-11f1-9b5e-0242ac110002,translation_acc,,Double,NORMAL_PARAMETER,2026-05-20 10:54:25,2026-05-20 10:54:25
73d0b848-e68e-43cc-a03d-a96529e6869c,f8385989-dcb2-11f0-a92f-0242ac110002,pathParamSetting,1,Integer,NORMAL_PARAMETER,2025-12-19 16:16:08,2025-12-19 16:16:08
74741f22-a2d5-4f6f-b4b4-a02f052c94e8,f1ebd328-53f3-11f1-9b5e-0242ac110002,max_translation_speed,,Double,NORMAL_PARAMETER,2026-05-20 10:31:03,2026-05-20 10:31:07
74c45cad-bb8a-486b-a1f1-0ba5d38db672,f08d0581-53f3-11f1-9b5e-0242ac110002,D,,Double,NORMAL_PARAMETER,2026-05-20 10:31:00,2026-05-20 10:31:00
74d5592c-bbd5-47ca-9f08-af2f6ba4edba,f8385989-dcb2-11f0-a92f-0242ac110002,translation_acc,0.5,Double,NORMAL_PARAMETER,2025-12-19 16:16:08,2025-12-19 16:16:08
75937536-d3f5-4424-aacc-75e0bcac271c,ca996955-d961-11f0-a789-0242ac110002,max_translation_speed,,Double,NORMAL_PARAMETER,2025-12-15 10:57:28,2025-12-15 10:57:32
75c09a51-ebcd-499e-9151-1b211bc1c05e,ca996955-d961-11f0-a789-0242ac110002,safety_scanner_region,0,Integer,NORMAL_PARAMETER,2025-12-15 10:57:28,2025-12-15 10:57:32
75da1da2-84fe-49b0-921c-074bf387e024,609f771d-db27-11f0-bf4f-0242ac110002,features_requested,,Integer,NORMAL_PARAMETER,2025-12-17 17:04:22,2025-12-17 17:04:22
75e3bee7-11f7-4641-bd1b-199549e3de70,69b62f0d-d657-11f0-b2a8-0242ac110002,agvMapId,75e95d6b-d656-11f0-b2a8-0242ac110002,String,NORMAL_PARAMETER,2025-12-11 14:05:37,2025-12-13 14:26:14
75f6770b-a8b2-426c-89be-b4c9d778a28b,d268e5ba-e206-11f0-8a89-0242ac110002,P,,Double,NORMAL_PARAMETER,2025-12-26 10:58:58,2025-12-26 10:59:02
760272fa-580e-479a-8be5-a5fa9f8e1835,ea320469-dcba-11f0-a92f-0242ac110002,agvMapId,09ef6607-da25-11f0-b9ee-0242ac110002,String,NORMAL_PARAMETER,2025-12-19 17:13:00,2025-12-19 17:13:00
76111188-4672-4ce1-a903-b08d18d33362,8fdffd78-eacb-11f0-b6f4-0242ac110002,pathParamSetting,0,Integer,NORMAL_PARAMETER,2026-01-06 14:47:26,2026-01-06 14:47:26
7613b876-b819-4b6a-a98e-a69cf874c056,c31deaea-da26-11f0-b9ee-0242ac110002,max_translation_speed,,Double,NORMAL_PARAMETER,2025-12-16 10:27:27,2025-12-16 10:27:31
766a5b56-d44f-42cb-baa7-0424b2c5fe0e,66b8f702-dae8-11f0-bf4f-0242ac110002,safety,,Integer,NORMAL_PARAMETER,2025-12-17 09:33:34,2025-12-17 09:33:34
768164b2-1fb8-47f3-8848-bd2ccf7522f0,6e65264a-dcb5-11f0-a92f-0242ac110002,max_translation_speed,0.8,Double,NORMAL_PARAMETER,2025-12-19 16:33:45,2025-12-19 16:33:45
7733d023-a29c-456e-9367-785ef384eeb8,f08d0581-53f3-11f1-9b5e-0242ac110002,max_translation_speed,,Double,NORMAL_PARAMETER,2026-05-20 10:31:00,2026-05-20 10:31:00
77c0fdc3-090e-454f-9b35-f2bb1cc83764,caab7b0b-d973-11f0-af13-0242ac110002,markerCode,4,String,NORMAL_PARAMETER,2025-12-15 13:06:19,2025-12-15 13:06:19
77f81068-b2f1-41a8-9700-0fddca4f9eb3,481ded39-53f4-11f1-9b5e-0242ac110002,rotate_acc,,Double,NORMAL_PARAMETER,2026-05-20 10:33:27,2026-05-20 10:41:09
7813b1c2-16b5-481f-bdd1-3fc3e5bf1fb9,1d7fcdec-d721-11f0-a620-0242ac110002,pathParamSetting,0,Integer,NORMAL_PARAMETER,2025-12-12 14:09:28,2025-12-18 08:40:10
7914f7ee-32b0-4143-b085-3b2dd62cf812,e0d1ccf1-db25-11f0-bf4f-0242ac110002,P,,Double,NORMAL_PARAMETER,2025-12-17 16:53:38,2025-12-17 16:53:49
79251588-de95-47fc-a911-d642c6c44f44,bab6955c-dae9-11f0-bf4f-0242ac110002,max_translation_speed,,Double,NORMAL_PARAMETER,2025-12-17 09:43:04,2025-12-17 09:43:04
79ab8108-1f41-434e-9bd8-fb5db7ed59b2,ee78f4bb-dc89-11f0-a92f-0242ac110002,max_rotate_speed,,Double,NORMAL_PARAMETER,2025-12-19 11:22:22,2025-12-19 11:22:28
79c17d4c-d0e9-478a-a764-4185b6ea6f08,c693a43c-e071-11f0-8bc0-0242ac110002,max_translation_speed,,Double,NORMAL_PARAMETER,2025-12-24 10:39:32,2025-12-24 12:47:34
79e11542-94d7-4e9d-aef3-d39cf69ff915,512d68b5-53f4-11f1-9b5e-0242ac110002,features_requested,,Integer,NORMAL_PARAMETER,2026-05-20 10:33:42,2026-05-20 10:41:16
7a02d84c-9caa-41b4-8f7f-f536e1f02049,9db60c0c-e61d-11f0-8548-0242ac110002,safety_scanner_region,0,Integer,NORMAL_PARAMETER,2025-12-31 15:52:12,2025-12-31 15:52:18
7a4a3c23-cf85-4ee7-b5fa-d91b35a70302,bab6955c-dae9-11f0-bf4f-0242ac110002,D,,Double,NORMAL_PARAMETER,2025-12-17 09:43:04,2025-12-17 09:43:04
7a4b41fe-8999-4893-9d6b-9046e1f615ae,448ca1d4-dae9-11f0-bf4f-0242ac110002,operation,1,Integer,NORMAL_PARAMETER,2025-12-17 09:39:46,2025-12-17 09:39:46
7a7551fb-3128-45d3-a9b1-96e6c6b65724,dfacc893-e2fb-11f0-94b3-0242ac110002,translation_acc,0.5,Double,NORMAL_PARAMETER,2025-12-27 16:13:07,2025-12-27 16:13:07
7a785875-3433-4b06-9210-24801896ef44,c8ff5114-d961-11f0-a789-0242ac110002,translation_acc,,Double,NORMAL_PARAMETER,2025-12-15 10:57:26,2025-12-15 10:57:26
7a823737-5954-44ea-b0ef-86210a54080d,481ded39-53f4-11f1-9b5e-0242ac110002,safety,,Integer,NORMAL_PARAMETER,2026-05-20 10:33:27,2026-05-20 10:41:09
7ab51ffd-8552-42a0-ac72-b1d178fdf0d7,688208b0-d657-11f0-b2a8-0242ac110002,max_rotate_speed,,Double,NORMAL_PARAMETER,2025-12-11 14:05:35,2025-12-13 14:08:58
7b12cd45-ac4e-4b9e-9e50-cfc0fcf411fc,c1b2cfd7-da26-11f0-b9ee-0242ac110002,translation_acc,,Double,NORMAL_PARAMETER,2025-12-16 10:27:24,2025-12-16 10:27:24
7b2ba8e1-38f8-41d8-8d7c-b8486cbdeb84,8fdffd78-eacb-11f0-b6f4-0242ac110002,safety_scanner_region,0,Integer,NORMAL_PARAMETER,2026-01-06 14:47:26,2026-01-06 14:47:26
7b9ed889-efa6-4c0e-b887-79402c91c3ae,c6978b10-dca2-11f0-a92f-0242ac110002,agvMapId,09ef6607-da25-11f0-b9ee-0242ac110002,String,NORMAL_PARAMETER,2025-12-19 14:20:13,2025-12-19 14:20:13
7bc8056a-1d0f-4248-b9fd-4a58750d2ffb,27812992-e2c4-11f0-9a11-0242ac110002,P,,Double,NORMAL_PARAMETER,2025-12-27 09:34:15,2025-12-27 09:34:15
7c47fd12-acd1-445e-a831-a26237eda78a,ebc3fa71-dc89-11f0-a92f-0242ac110002,D,,Double,NORMAL_PARAMETER,2025-12-19 11:22:17,2025-12-19 11:22:17
7c888e5e-e2ac-4e62-819b-e07da3500a08,1c62f666-53f3-11f1-9b5e-0242ac110002,max_rotate_speed,,Double,NORMAL_PARAMETER,2026-05-20 10:25:04,2026-05-20 10:25:04
7cfcff6b-44af-4820-9f73-848bdd383390,d3cea9c5-dc95-11f0-a92f-0242ac110002,safety,1,Integer,NORMAL_PARAMETER,2025-12-19 12:47:31,2025-12-19 12:47:31
7d844cd1-94fa-449a-bbab-87a4682caea0,bab6955c-dae9-11f0-bf4f-0242ac110002,max_rotate_speed,,Double,NORMAL_PARAMETER,2025-12-17 09:43:04,2025-12-17 09:43:04
7e8d2f07-e4b8-4451-a324-73abf9094e91,9706d573-e61d-11f0-8548-0242ac110002,safety_scanner_region,0,Integer,NORMAL_PARAMETER,2025-12-31 15:52:01,2025-12-31 15:52:01
7f927011-49e4-4b55-be10-c58f5171b593,01b19d86-dc9a-11f0-a92f-0242ac110002,max_translation_speed,1.2,Double,NORMAL_PARAMETER,2025-12-19 13:17:26,2025-12-19 13:17:26
8002dd55-ff19-4354-9d0b-8d6ba6b14420,f1ebd328-53f3-11f1-9b5e-0242ac110002,max_rotate_speed,,Double,NORMAL_PARAMETER,2026-05-20 10:31:03,2026-05-20 10:31:07
8089e53a-c3aa-4e8d-b147-2b05ed3cac8a,5b7157f0-dd51-11f0-905f-0242ac110002,D,,Double,NORMAL_PARAMETER,2025-12-20 11:09:54,2025-12-20 15:13:32
80a28d2a-b6f6-4a26-b19b-edc67bb2da20,f0b6197d-53f6-11f1-9b5e-0242ac110002,max_translation_speed,,Double,NORMAL_PARAMETER,2026-05-20 10:52:29,2026-05-20 10:52:34
80b8148a-7702-4a71-9b9a-c8668cfb5cb3,c693a43c-e071-11f0-8bc0-0242ac110002,markerCode,4,String,NORMAL_PARAMETER,2025-12-24 10:39:32,2025-12-24 12:47:34
80d7848e-309c-4359-8707-3e3085b1b59d,194a76da-53f4-11f1-9b5e-0242ac110002,rotate_acc,,Double,NORMAL_PARAMETER,2026-05-20 10:32:09,2026-05-20 10:32:12
81099e5c-cad6-4a8a-998b-1eab7ea926ee,27812992-e2c4-11f0-9a11-0242ac110002,max_translation_speed,,Double,NORMAL_PARAMETER,2025-12-27 09:34:15,2025-12-27 09:34:15
8134f2db-3ee5-4282-bba3-c5cd08014372,194a76da-53f4-11f1-9b5e-0242ac110002,markerCode,11,String,NORMAL_PARAMETER,2026-05-20 10:32:09,2026-05-20 10:32:12
8190ef98-2d68-4e76-aa43-c86dac045198,2a02278d-e2c4-11f0-9a11-0242ac110002,markerCode,1,String,NORMAL_PARAMETER,2025-12-27 09:34:19,2025-12-27 09:34:28
8195fc1e-0c69-479b-9fc7-ddd166a54fe2,b2cc49d0-dcac-11f0-a92f-0242ac110002,translation_acc,0.5,Double,NORMAL_PARAMETER,2025-12-19 15:31:14,2025-12-19 15:31:14
81c3b5b7-371c-49de-8633-aa9208a50f3a,9db60c0c-e61d-11f0-8548-0242ac110002,P,,Double,NORMAL_PARAMETER,2025-12-31 15:52:12,2025-12-31 15:52:18
821f19ab-b9d2-4045-822c-f5ac26bec3d4,48994d4c-dd77-11f0-905f-0242ac110002,P,,Double,NORMAL_PARAMETER,2025-12-20 15:41:24,2025-12-20 15:41:24
8257e449-184f-4399-b4dc-72688207ed8b,3b951953-db27-11f0-bf4f-0242ac110002,safety,,Integer,NORMAL_PARAMETER,2025-12-17 17:03:20,2025-12-17 17:03:20
825c3480-898e-4faf-a15a-53838865b506,512d68b5-53f4-11f1-9b5e-0242ac110002,D,,Double,NORMAL_PARAMETER,2026-05-20 10:33:42,2026-05-20 10:41:16
82757a0f-213d-44aa-b007-d11c31a34609,1d7fcdec-d721-11f0-a620-0242ac110002,max_translation_speed,,Double,NORMAL_PARAMETER,2025-12-12 14:09:28,2025-12-18 08:40:10
82b56000-90e2-41ab-a42c-ff64e07ba692,479cd504-d7c8-11f0-b3a8-0242ac110002,safety_scanner_region,0,Integer,NORMAL_PARAMETER,2025-12-13 10:06:04,2025-12-13 10:06:04
834fd547-4645-4847-a925-8e7b8b030828,1d7fcdec-d721-11f0-a620-0242ac110002,safety_scanner_region,0,Integer,NORMAL_PARAMETER,2025-12-12 14:09:28,2025-12-18 08:40:10
836bc8fe-8d1b-4e65-89d4-adc0fa52bec0,c7065b72-dd53-11f0-905f-0242ac110002,translation_acc,,Double,NORMAL_PARAMETER,2025-12-20 11:27:14,2025-12-20 11:27:22
8372ab89-d892-4701-b770-bc78a9248891,f0db6d34-dc86-11f0-a92f-0242ac110002,agvMapId,09ef6607-da25-11f0-b9ee-0242ac110002,String,NORMAL_PARAMETER,2025-12-19 11:00:57,2025-12-19 11:00:57
83de13e7-f1a8-4618-b81c-224ed2f741f0,9706d573-e61d-11f0-8548-0242ac110002,max_translation_speed,,Double,NORMAL_PARAMETER,2025-12-31 15:52:01,2025-12-31 15:52:01
84131b4f-daaf-4432-b3bc-938fb58a1fc3,609f771d-db27-11f0-bf4f-0242ac110002,agvMapId,09ef6607-da25-11f0-b9ee-0242ac110002,String,NORMAL_PARAMETER,2025-12-17 17:04:22,2025-12-17 17:04:22
841a82d8-e756-4143-9cd2-175861e9f995,f0b6197d-53f6-11f1-9b5e-0242ac110002,fall_prevent,,Integer,NORMAL_PARAMETER,2026-05-20 10:52:29,2026-05-20 10:52:34
85384cfc-3d06-45b8-86a6-cbe1cd55533f,1ed0bb13-d721-11f0-a620-0242ac110002,features_requested,,Integer,NORMAL_PARAMETER,2025-12-12 14:09:30,2025-12-18 08:40:17
854b742e-e50e-4df7-93ea-d4e364c4d2a3,91928385-eacb-11f0-b6f4-0242ac110002,safety,,Integer,NORMAL_PARAMETER,2026-01-06 14:47:29,2026-01-06 14:47:38
85c84bad-e043-4157-9e33-9d6a4093e34e,c693a43c-e071-11f0-8bc0-0242ac110002,fall_prevent,,Integer,NORMAL_PARAMETER,2025-12-24 10:39:32,2025-12-24 12:47:34
862dec39-84c6-4cea-b27f-1c3019eb1284,01b19d86-dc9a-11f0-a92f-0242ac110002,markerCode,10,String,NORMAL_PARAMETER,2025-12-19 13:17:26,2025-12-19 13:17:26
86f7a387-dfbe-4d6d-87be-9fc69fd58a03,91928385-eacb-11f0-b6f4-0242ac110002,rotate_acc,,Double,NORMAL_PARAMETER,2026-01-06 14:47:29,2026-01-06 14:47:38
872cfcc3-6015-4b95-837e-f4f0e6fd155c,1ed0bb13-d721-11f0-a620-0242ac110002,rotate_acc,,Double,NORMAL_PARAMETER,2025-12-12 14:09:30,2025-12-18 08:40:17
87421db2-8fa5-41ff-8afc-2191d581486c,0a9a35a2-e2f0-11f0-94b3-0242ac110002,max_rotate_speed,,Double,NORMAL_PARAMETER,2025-12-27 14:48:25,2025-12-27 14:48:25
877bd502-2693-4ba5-920f-2d288f30bba9,b31c84cb-dcac-11f0-a92f-0242ac110002,markerCode,10,String,NORMAL_PARAMETER,2025-12-19 15:31:15,2025-12-19 15:31:15
883c5600-253e-4a6d-ad97-59cc24043d08,8fdffd78-eacb-11f0-b6f4-0242ac110002,translation_acc,,Double,NORMAL_PARAMETER,2026-01-06 14:47:26,2026-01-06 14:47:26
88c4d8a6-2b9c-4449-9765-79feb340e155,ef6ead38-53f6-11f1-9b5e-0242ac110002,safety_scanner_region,0,Integer,NORMAL_PARAMETER,2026-05-20 10:52:27,2026-05-20 10:52:27
8941ae7c-a1fe-4738-bd43-c93d785c6d21,27812992-e2c4-11f0-9a11-0242ac110002,rotate_acc,,Double,NORMAL_PARAMETER,2025-12-27 09:34:15,2025-12-27 09:34:15
89c29f00-7d79-47b1-a930-882c86a07016,27812992-e2c4-11f0-9a11-0242ac110002,safety_scanner_region,0,Integer,NORMAL_PARAMETER,2025-12-27 09:34:15,2025-12-27 09:34:15
8a3672eb-023c-41ad-a987-f070051b5296,d10e03d5-e206-11f0-8a89-0242ac110002,features_requested,,Integer,NORMAL_PARAMETER,2025-12-26 10:58:55,2025-12-26 10:58:55
8a6d3a97-2b05-465a-beec-86126df10cbd,bab6955c-dae9-11f0-bf4f-0242ac110002,translation_acc,,Double,NORMAL_PARAMETER,2025-12-17 09:43:04,2025-12-17 09:43:04
8a73af64-92b0-4e76-b094-575e9bb367be,c31deaea-da26-11f0-b9ee-0242ac110002,translation_acc,,Double,NORMAL_PARAMETER,2025-12-16 10:27:27,2025-12-16 10:27:31
8a832547-2f80-4814-8435-4969f7a2c60a,49a409a2-dd77-11f0-905f-0242ac110002,pathParamSetting,0,Integer,NORMAL_PARAMETER,2025-12-20 15:41:26,2025-12-20 15:41:29
8ab6889f-7dff-4941-97d0-17e724c6714c,fde36284-dc84-11f0-a92f-0242ac110002,fall_prevent,,Integer,NORMAL_PARAMETER,2025-12-19 10:47:00,2025-12-19 10:47:00
8ae97a0d-b56b-4a63-8e29-ff1937204af0,f1f7b834-dc86-11f0-a92f-0242ac110002,features_requested,,Integer,NORMAL_PARAMETER,2025-12-19 11:00:59,2025-12-19 11:01:04
8af0572e-93dc-4828-ac54-2a4e9ba2960d,481ded39-53f4-11f1-9b5e-0242ac110002,max_rotate_speed,,Double,NORMAL_PARAMETER,2026-05-20 10:33:27,2026-05-20 10:41:09
8bbc87bf-4530-4ded-bda3-6e01f795aa50,f08d0581-53f3-11f1-9b5e-0242ac110002,agvMapId,7640a72f-53e5-11f1-9b5e-0242ac110002,String,NORMAL_PARAMETER,2026-05-20 10:31:00,2026-05-20 10:31:00
8c70990e-caf0-4595-bf60-f6ce75cb4b5f,f1ebd328-53f3-11f1-9b5e-0242ac110002,rotate_acc,,Double,NORMAL_PARAMETER,2026-05-20 10:31:03,2026-05-20 10:31:07
8cc5a4a3-3c60-4d28-880e-b75fe0d00f44,bab6955c-dae9-11f0-bf4f-0242ac110002,fall_prevent,,Integer,NORMAL_PARAMETER,2025-12-17 09:43:04,2025-12-17 09:43:04
8cd06bc0-2f62-4cd9-8ada-9050d53ada11,decaf3e3-e2fd-11f0-94b3-0242ac110002,max_translation_speed,0.8,Double,NORMAL_PARAMETER,2025-12-27 16:27:24,2025-12-27 16:27:24
8d2fde12-3e49-4610-a89e-3f8a8e6359c0,0a9a35a2-e2f0-11f0-94b3-0242ac110002,rotate_acc,,Double,NORMAL_PARAMETER,2025-12-27 14:48:25,2025-12-27 14:48:25
8e10184b-c8a8-4cab-ba31-896d6d3ed0f5,6e65264a-dcb5-11f0-a92f-0242ac110002,safety,1,Integer,NORMAL_PARAMETER,2025-12-19 16:33:45,2025-12-19 16:33:45
8e747c30-e306-4481-89be-0427c292fb05,9db60c0c-e61d-11f0-8548-0242ac110002,translation_acc,,Double,NORMAL_PARAMETER,2025-12-31 15:52:12,2025-12-31 15:52:18
8f163809-c259-45cd-b33c-aaf1c1777999,c31deaea-da26-11f0-b9ee-0242ac110002,safety_scanner_region,0,Integer,NORMAL_PARAMETER,2025-12-16 10:27:27,2025-12-16 10:27:31
8fb67201-422a-4f0d-a20b-26dca553a45c,c6978b10-dca2-11f0-a92f-0242ac110002,pathParamSetting,1,Integer,NORMAL_PARAMETER,2025-12-19 14:20:13,2025-12-19 14:20:13
8fcb2bad-8a27-435c-b2bf-fe6bcd206817,48994d4c-dd77-11f0-905f-0242ac110002,max_translation_speed,,Double,NORMAL_PARAMETER,2025-12-20 15:41:24,2025-12-20 15:41:24
9002beb9-d8c2-40d5-8377-490b7dea89ab,688208b0-d657-11f0-b2a8-0242ac110002,D,,Double,NORMAL_PARAMETER,2025-12-11 14:05:35,2025-12-13 14:08:58
9040e76e-1b15-49ea-9118-c4f0ece3589c,ea83545b-dcba-11f0-a92f-0242ac110002,agvMapId,09ef6607-da25-11f0-b9ee-0242ac110002,String,NORMAL_PARAMETER,2025-12-19 17:13:01,2025-12-19 17:13:01
907a0351-e63d-4cc3-946a-180786160989,fde36284-dc84-11f0-a92f-0242ac110002,max_rotate_speed,,Double,NORMAL_PARAMETER,2025-12-19 10:47:00,2025-12-19 10:47:00
90ba0683-b083-4ebd-8bf9-5b1189209157,c8ff5114-d961-11f0-a789-0242ac110002,max_rotate_speed,,Double,NORMAL_PARAMETER,2025-12-15 10:57:26,2025-12-15 10:57:26
91213861-83bb-4e21-a369-1d2effc83fbb,91928385-eacb-11f0-b6f4-0242ac110002,translation_acc,,Double,NORMAL_PARAMETER,2026-01-06 14:47:29,2026-01-06 14:47:38
91d57768-d5b1-4287-b894-add24852bf0d,3279b256-53f4-11f1-9b5e-0242ac110002,max_rotate_speed,,Double,NORMAL_PARAMETER,2026-05-20 10:32:51,2026-05-20 10:33:00
920bca8b-f29f-4ede-815f-12d02e46354c,bb2e4f31-dca1-11f0-a92f-0242ac110002,rotate_acc,,Double,NORMAL_PARAMETER,2025-12-19 14:12:44,2025-12-19 14:12:54
924e7d86-44d5-48a2-9c48-aa6b9225002d,caab7b0b-d973-11f0-af13-0242ac110002,rotate_acc,,Double,NORMAL_PARAMETER,2025-12-15 13:06:19,2025-12-15 13:06:19
9291f0f8-e49d-4fe6-baff-278054eb603c,ca996955-d961-11f0-a789-0242ac110002,D,,Double,NORMAL_PARAMETER,2025-12-15 10:57:28,2025-12-15 10:57:32
929e3073-8db4-4db6-975d-522030064523,609f771d-db27-11f0-bf4f-0242ac110002,P,,Double,NORMAL_PARAMETER,2025-12-17 17:04:22,2025-12-17 17:04:22
92bc2f83-947e-4da6-b6cb-b1ad1082e03c,ea320469-dcba-11f0-a92f-0242ac110002,pathParamSetting,1,Integer,NORMAL_PARAMETER,2025-12-19 17:13:00,2025-12-19 17:13:00
92c9f364-5e88-4513-923b-ec1658c0a2a8,48994d4c-dd77-11f0-905f-0242ac110002,pathParamSetting,0,Integer,NORMAL_PARAMETER,2025-12-20 15:41:24,2025-12-20 15:41:24
93e8f223-c38d-44e9-bee1-0323ca07c858,decaf3e3-e2fd-11f0-94b3-0242ac110002,safety,1,Integer,NORMAL_PARAMETER,2025-12-27 16:27:24,2025-12-27 16:27:24
940d700d-71ed-4ea9-90fd-fd544fbfc365,3b951953-db27-11f0-bf4f-0242ac110002,translation_acc,,Double,NORMAL_PARAMETER,2025-12-17 17:03:20,2025-12-17 17:03:20
943eb90d-dc8a-4bc9-9102-4defb0ad0c1c,f0b6197d-53f6-11f1-9b5e-0242ac110002,D,,Double,NORMAL_PARAMETER,2026-05-20 10:52:29,2026-05-20 10:52:34
94dc53da-faa5-4d17-9981-eccbac3e40c7,479cd504-d7c8-11f0-b3a8-0242ac110002,translation_acc,,Double,NORMAL_PARAMETER,2025-12-13 10:06:04,2025-12-13 10:06:04
960196b5-cb94-46cf-9b1a-619debb0effc,fde36284-dc84-11f0-a92f-0242ac110002,safety,,Integer,NORMAL_PARAMETER,2025-12-19 10:47:00,2025-12-19 10:47:00
9666e578-71f9-4903-9f4a-7b16bcf31b99,66b8f702-dae8-11f0-bf4f-0242ac110002,D,,Double,NORMAL_PARAMETER,2025-12-17 09:33:34,2025-12-17 09:33:34
968fd20a-a4a3-4967-8f49-49e3330206b1,e0d1ccf1-db25-11f0-bf4f-0242ac110002,pathParamSetting,0,Integer,NORMAL_PARAMETER,2025-12-17 16:53:38,2025-12-17 16:53:49
96fb1b6a-fe86-4411-bb8b-d5de42549190,66b8f702-dae8-11f0-bf4f-0242ac110002,rotate_acc,,Double,NORMAL_PARAMETER,2025-12-17 09:33:34,2025-12-17 09:33:34
9710353c-c5b9-4553-9730-a3b9d669fec1,b9f656f0-dca1-11f0-a92f-0242ac110002,P,,Double,NORMAL_PARAMETER,2025-12-19 14:12:42,2025-12-19 14:12:42
97263265-f514-430e-a1bc-7f771349ec02,ffc517d2-dc84-11f0-a92f-0242ac110002,fall_prevent,,Integer,NORMAL_PARAMETER,2025-12-19 10:47:03,2025-12-19 10:47:13
972a80dd-856e-43e9-966a-5a61bd9b0bc1,ee78f4bb-dc89-11f0-a92f-0242ac110002,rotate_acc,,Double,NORMAL_PARAMETER,2025-12-19 11:22:22,2025-12-19 11:22:28
975086bb-2293-4076-8c41-2b414e2525ea,0a9a35a2-e2f0-11f0-94b3-0242ac110002,pathParamSetting,0,Integer,NORMAL_PARAMETER,2025-12-27 14:48:25,2025-12-27 14:48:25
97ae0889-3890-4f09-aff9-1666d01b03fb,1ed0bb13-d721-11f0-a620-0242ac110002,markerCode,1,String,NORMAL_PARAMETER,2025-12-12 14:09:30,2025-12-18 08:40:17
97c0132a-eeb8-4be3-b2d7-d9e47fa3dd48,caab7b0b-d973-11f0-af13-0242ac110002,features_requested,,Integer,NORMAL_PARAMETER,2025-12-15 13:06:19,2025-12-15 13:06:19
97d38636-ac8e-487b-8c99-6042bf2374e6,479cd504-d7c8-11f0-b3a8-0242ac110002,max_rotate_speed,,Double,NORMAL_PARAMETER,2025-12-13 10:06:04,2025-12-13 10:06:04
97d7517d-5633-48b2-ad1a-6a1fde0c4f12,c8471eeb-e071-11f0-8bc0-0242ac110002,translation_acc,,Double,NORMAL_PARAMETER,2025-12-24 10:39:34,2025-12-24 12:47:38
988f88e1-3d06-4148-b474-1f84eed8091b,479cd504-d7c8-11f0-b3a8-0242ac110002,features_requested,,Integer,NORMAL_PARAMETER,2025-12-13 10:06:04,2025-12-13 10:06:04
9914db86-d967-4865-85aa-210ee5e81bbb,311ad41d-53f4-11f1-9b5e-0242ac110002,fall_prevent,,Integer,NORMAL_PARAMETER,2026-05-20 10:32:49,2026-05-20 10:32:49
9930b1b7-13ff-475a-8046-17ad200a2b1d,c8ff5114-d961-11f0-a789-0242ac110002,agvMapId,0411202b-d961-11f0-a789-0242ac110002,String,NORMAL_PARAMETER,2025-12-15 10:57:26,2025-12-15 10:57:26
995fb99d-be65-4a42-96fc-81dc7263d121,49a409a2-dd77-11f0-905f-0242ac110002,fall_prevent,,Integer,NORMAL_PARAMETER,2025-12-20 15:41:26,2025-12-20 15:41:29
996323c7-e697-4523-b82c-b65a62f99a69,caab7b0b-d973-11f0-af13-0242ac110002,safety_scanner_region,0,Integer,NORMAL_PARAMETER,2025-12-15 13:06:19,2025-12-15 13:06:19
9970593e-32c4-4da6-a2c7-d25840966a51,c31deaea-da26-11f0-b9ee-0242ac110002,fall_prevent,,Integer,NORMAL_PARAMETER,2025-12-16 10:27:27,2025-12-16 10:27:31
99cc9f94-17d9-406c-8146-458513e2dd59,3b951953-db27-11f0-bf4f-0242ac110002,max_translation_speed,,Double,NORMAL_PARAMETER,2025-12-17 17:03:20,2025-12-17 17:03:20
99d84ca9-199b-4d6f-a0f3-1e102ee027ba,194a76da-53f4-11f1-9b5e-0242ac110002,max_translation_speed,,Double,NORMAL_PARAMETER,2026-05-20 10:32:09,2026-05-20 10:32:12
9a51f39e-86e6-4ea9-9cad-68ea029e9589,49a409a2-dd77-11f0-905f-0242ac110002,max_translation_speed,,Double,NORMAL_PARAMETER,2025-12-20 15:41:26,2025-12-20 15:41:29
9a79adf7-ea85-4574-8497-50695d14e3a1,d37e9eb8-dc95-11f0-a92f-0242ac110002,safety,1,Integer,NORMAL_PARAMETER,2025-12-19 12:47:31,2025-12-19 12:47:31
9ae2b277-e139-438e-b95b-a5abf0bca01c,bb2e4f31-dca1-11f0-a92f-0242ac110002,agvMapId,09ef6607-da25-11f0-b9ee-0242ac110002,String,NORMAL_PARAMETER,2025-12-19 14:12:44,2025-12-19 14:12:54
9aee6dd6-503d-4d27-b216-3cd03372eaae,f1ebd328-53f3-11f1-9b5e-0242ac110002,safety_scanner_region,0,Integer,NORMAL_PARAMETER,2026-05-20 10:31:03,2026-05-20 10:31:07
9b729c09-1904-4d94-a426-73c28b5d4109,194a76da-53f4-11f1-9b5e-0242ac110002,agvMapId,7640a72f-53e5-11f1-9b5e-0242ac110002,String,NORMAL_PARAMETER,2026-05-20 10:32:09,2026-05-20 10:32:12
9bad4c8b-dff5-49e0-8a68-a0128676af58,336eb9cc-e204-11f0-8a89-0242ac110002,features_requested,,Integer,NORMAL_PARAMETER,2025-12-26 10:40:12,2025-12-29 18:27:55
9bbada8a-e76e-4f92-a1f4-ded567f1c06e,d3cea9c5-dc95-11f0-a92f-0242ac110002,markerCode,10,String,NORMAL_PARAMETER,2025-12-19 12:47:31,2025-12-19 12:47:31
9beef63d-6868-4c11-afec-1e704de5b13a,481ded39-53f4-11f1-9b5e-0242ac110002,translation_acc,,Double,NORMAL_PARAMETER,2026-05-20 10:33:27,2026-05-20 10:41:09
9bf9e336-2b3a-4f1a-b9ea-c9f4759d427e,1ed0bb13-d721-11f0-a620-0242ac110002,max_translation_speed,,Double,NORMAL_PARAMETER,2025-12-12 14:09:30,2025-12-18 08:40:17
9c0fa224-753c-42ea-b2e2-07d4282c720b,1832ffa7-53f4-11f1-9b5e-0242ac110002,safety_scanner_region,0,Integer,NORMAL_PARAMETER,2026-05-20 10:32:07,2026-05-20 10:32:07
9c16891a-3715-42af-a36c-594750ee719b,ee823f44-e2df-11f0-94b3-0242ac110002,script_data,"{
	""id"": ""1"",
	""operation_type"": ""PTZCONTROL"",
	""target"": ""MOS"",
	""operation_detail"": ""shouche_yaochu"",
	""action_type"": ""111"",
	""operate_params"": {
		""marker"": ""1_1_2"",
		""pallet"": [""anniu_hezha"",""anniu_fenzha""],
		""safe_area"": """",
		""gripper_param"": {
			""recipe"": """"
		},
		""switch_rotate_param"": {},
		""discharge_param"": {
			""mode"": """"
		},
		""handcar_param"": {},
		""GroundSwtich_param"": {}
	}
}",String,NORMAL_PARAMETER,2025-12-27 12:53:06,2025-12-27 12:53:06
9c38fd41-5887-4dee-8ba5-59553d074820,1c62f666-53f3-11f1-9b5e-0242ac110002,D,,Double,NORMAL_PARAMETER,2026-05-20 10:25:04,2026-05-20 10:25:04
9c5f8562-ba2e-494e-a7b1-9a236d85ec28,49a409a2-dd77-11f0-905f-0242ac110002,P,,Double,NORMAL_PARAMETER,2025-12-20 15:41:26,2025-12-20 15:41:29
9caf0b05-df46-471a-8bf3-6c269ebb5319,5b7157f0-dd51-11f0-905f-0242ac110002,P,,Double,NORMAL_PARAMETER,2025-12-20 11:09:54,2025-12-20 15:13:32
9cc2347b-be16-469e-a585-247094c2181d,3b951953-db27-11f0-bf4f-0242ac110002,markerCode,1,String,NORMAL_PARAMETER,2025-12-17 17:03:20,2025-12-17 17:03:20
9cda4804-a019-4efb-ae5a-452c31558e14,bab6955c-dae9-11f0-bf4f-0242ac110002,safety_scanner_region,0,Integer,NORMAL_PARAMETER,2025-12-17 09:43:04,2025-12-17 09:43:04
9d1f2c0b-9d66-4a7c-b53d-a1dacfc35f03,c1b2cfd7-da26-11f0-b9ee-0242ac110002,pathParamSetting,0,Integer,NORMAL_PARAMETER,2025-12-16 10:27:24,2025-12-16 10:27:24
9d2ef8f0-fe09-456b-8cd8-d3c2c8508589,106f205b-dc78-11f0-a92f-0242ac110002,script_data,"{
	""id"": ""1"",
	""operation_type"": ""PTZCONTROL"",
	""target"": ""MOS"",
	""operation_detail"": ""TANNIU_hezha"",
	""action_type"": ""111"",
	""operate_params"": {
		""marker"": ""1_1_2"",
		""pallet"": [""anniu_hezha"",""anniu_fenzha""],
		""safe_area"": """",
		""gripper_param"": {
			""recipe"": """"
		},
		""switch_rotate_param"": {},
		""discharge_param"": {
			""mode"": """"
		},
		""handcar_param"": {},
		""GroundSwtich_param"": {}
	}
}",String,NORMAL_PARAMETER,2025-12-19 09:14:28,2025-12-19 09:17:46
9d4309b3-04c2-4ac9-ae2f-12cb99569a11,1d8a04cf-53f3-11f1-9b5e-0242ac110002,rotate_acc,,Double,NORMAL_PARAMETER,2026-05-20 10:25:06,2026-05-20 10:25:12
9e52cf8f-514b-48aa-b066-7fb44b0072a0,2336defc-e2f0-11f0-94b3-0242ac110002,camera_name,binocular_1,String,NORMAL_PARAMETER,2025-12-27 14:49:06,2025-12-27 14:55:42
9f299f18-9411-434b-8e48-9f35f63d5a25,595f8f7a-dd51-11f0-905f-0242ac110002,D,,Double,NORMAL_PARAMETER,2025-12-20 11:09:51,2025-12-20 15:13:28
9f90c3a3-ea4d-4d7b-bccb-03064bb48956,defbccc7-db25-11f0-bf4f-0242ac110002,safety,,Integer,NORMAL_PARAMETER,2025-12-17 16:53:35,2025-12-17 16:53:35
9f9747a4-5979-40b4-9864-8bf7007397d7,3279b256-53f4-11f1-9b5e-0242ac110002,rotate_acc,,Double,NORMAL_PARAMETER,2026-05-20 10:32:51,2026-05-20 10:33:00
9faa10b6-426b-4873-a5dd-41ac679c3399,ebc3fa71-dc89-11f0-a92f-0242ac110002,max_rotate_speed,,Double,NORMAL_PARAMETER,2025-12-19 11:22:17,2025-12-19 11:22:17
9faa9bf7-5282-4017-ac85-e04f1f6f50de,2a02278d-e2c4-11f0-9a11-0242ac110002,safety_scanner_region,0,Integer,NORMAL_PARAMETER,2025-12-27 09:34:19,2025-12-27 09:34:28
9fc035e2-2886-45f3-98df-69a6a07fc20a,ea320469-dcba-11f0-a92f-0242ac110002,safety,1,Integer,NORMAL_PARAMETER,2025-12-19 17:13:00,2025-12-19 17:13:00
a0223003-d754-4a01-98b6-dd4e8157e7ae,defbccc7-db25-11f0-bf4f-0242ac110002,rotate_acc,,Double,NORMAL_PARAMETER,2025-12-17 16:53:35,2025-12-17 16:53:35
a033a652-c482-4900-9d3a-7ec639865d4d,479cd504-d7c8-11f0-b3a8-0242ac110002,agvMapId,75e95d6b-d656-11f0-b2a8-0242ac110002,String,NORMAL_PARAMETER,2025-12-13 10:06:04,2025-12-13 10:06:04
a084280a-8d5d-4391-bf0e-e6c379ad9674,66b8f702-dae8-11f0-bf4f-0242ac110002,pathParamSetting,0,Integer,NORMAL_PARAMETER,2025-12-17 09:33:34,2025-12-17 09:33:34
a0c9ebc3-6df3-4fd9-83fd-85ba38a123cc,1d8a04cf-53f3-11f1-9b5e-0242ac110002,max_translation_speed,,Double,NORMAL_PARAMETER,2026-05-20 10:25:06,2026-05-20 10:25:12
a11d3b48-ed54-40a2-874a-65c2e6ca6570,595f8f7a-dd51-11f0-905f-0242ac110002,P,,Double,NORMAL_PARAMETER,2025-12-20 11:09:51,2025-12-20 15:13:28
a15ac95f-8d68-49dd-ba61-b934d742d95b,f0db6d34-dc86-11f0-a92f-0242ac110002,pathParamSetting,0,Integer,NORMAL_PARAMETER,2025-12-19 11:00:57,2025-12-19 11:00:57
a1b86a32-4f6d-4f12-9ea1-3090b27e0df2,4bf83e47-db27-11f0-bf4f-0242ac110002,translation_acc,,Double,NORMAL_PARAMETER,2025-12-17 17:03:47,2025-12-17 17:03:56
a1e111c1-6d7d-47a7-8681-d9c67f37ef0a,bb2e4f31-dca1-11f0-a92f-0242ac110002,features_requested,,Integer,NORMAL_PARAMETER,2025-12-19 14:12:44,2025-12-19 14:12:54
a24096d7-001f-47ac-82d3-9149be6e6ddd,bb2e4f31-dca1-11f0-a92f-0242ac110002,markerCode,10,String,NORMAL_PARAMETER,2025-12-19 14:12:44,2025-12-19 14:12:54
a2496dbd-5514-40ce-9751-9eb1828a8b7e,e0d1ccf1-db25-11f0-bf4f-0242ac110002,max_rotate_speed,,Double,NORMAL_PARAMETER,2025-12-17 16:53:38,2025-12-17 16:53:49
a2c0a0b4-ffcc-4dcf-a56c-a3613dc0d6f7,dfacc893-e2fb-11f0-94b3-0242ac110002,safety,1,Integer,NORMAL_PARAMETER,2025-12-27 16:13:07,2025-12-27 16:13:07
a2d9ce97-b80b-48e7-9e9b-999e237a3463,49a409a2-dd77-11f0-905f-0242ac110002,safety,,Integer,NORMAL_PARAMETER,2025-12-20 15:41:26,2025-12-20 15:41:29
a31fa292-8d85-416e-a240-25dd319d8254,336eb9cc-e204-11f0-8a89-0242ac110002,agvMapId,09ef6607-da25-11f0-b9ee-0242ac110002,String,NORMAL_PARAMETER,2025-12-26 10:40:12,2025-12-29 18:27:55
a3a61d57-ce01-4c49-a9ea-af153d14dd3c,8fdffd78-eacb-11f0-b6f4-0242ac110002,max_rotate_speed,,Double,NORMAL_PARAMETER,2026-01-06 14:47:26,2026-01-06 14:47:26
a3c28f6c-7724-4f30-8e84-16cf39d63862,69b62f0d-d657-11f0-b2a8-0242ac110002,max_rotate_speed,,Double,NORMAL_PARAMETER,2025-12-11 14:05:37,2025-12-13 14:26:14
a3d6066b-40b3-495a-b6ed-ffea2efafcda,e0d1ccf1-db25-11f0-bf4f-0242ac110002,D,,Double,NORMAL_PARAMETER,2025-12-17 16:53:38,2025-12-17 16:53:49
a4844ea2-7404-434a-965e-2c2c49e650a1,b31c84cb-dcac-11f0-a92f-0242ac110002,translation_acc,0.5,Double,NORMAL_PARAMETER,2025-12-19 15:31:15,2025-12-19 15:31:15
a4deffa7-3fb1-4e07-a57d-98f0cf476dd4,bb2e4f31-dca1-11f0-a92f-0242ac110002,P,,Double,NORMAL_PARAMETER,2025-12-19 14:12:44,2025-12-19 14:12:54
a4f1abf9-03c5-4de2-84e1-1372e8983adb,d268e5ba-e206-11f0-8a89-0242ac110002,agvMapId,09ef6607-da25-11f0-b9ee-0242ac110002,String,NORMAL_PARAMETER,2025-12-26 10:58:58,2025-12-26 10:59:02
a50c9755-a872-46af-8f84-1e006d67641e,bb2e4f31-dca1-11f0-a92f-0242ac110002,max_rotate_speed,,Double,NORMAL_PARAMETER,2025-12-19 14:12:44,2025-12-19 14:12:54
a573f0fa-e85c-45b7-8114-7d36a28d592c,6eb5057e-dcb5-11f0-a92f-0242ac110002,max_translation_speed,0.8,Double,NORMAL_PARAMETER,2025-12-19 16:33:46,2025-12-19 16:33:46
a58ff611-2ee1-4879-bab3-99e741dbce41,1d7fcdec-d721-11f0-a620-0242ac110002,D,,Double,NORMAL_PARAMETER,2025-12-12 14:09:28,2025-12-18 08:40:10
a5be75b1-d956-4371-ba0d-69ef02207671,015f04f6-dc9a-11f0-a92f-0242ac110002,safety,1,Integer,NORMAL_PARAMETER,2025-12-19 13:17:26,2025-12-19 13:17:26
a5e36e33-949e-4e67-b3bc-395ac66e1940,0e393f10-db26-11f0-bf4f-0242ac110002,rotate_acc,,Double,NORMAL_PARAMETER,2025-12-17 16:54:54,2025-12-17 16:54:59
a5e3bd56-daa3-4ab4-9ca2-e00237f6f226,311ad41d-53f4-11f1-9b5e-0242ac110002,markerCode,5,String,NORMAL_PARAMETER,2026-05-20 10:32:49,2026-05-20 10:32:49
a60977f0-8053-4ab3-9322-32b1ce8a17d6,d37e9eb8-dc95-11f0-a92f-0242ac110002,markerCode,9,String,NORMAL_PARAMETER,2025-12-19 12:47:31,2025-12-19 12:47:31
a637893f-4523-424b-8948-a6559fa221de,512d68b5-53f4-11f1-9b5e-0242ac110002,safety,,Integer,NORMAL_PARAMETER,2026-05-20 10:33:42,2026-05-20 10:41:16
a69fcbd4-8f8a-4d5d-98f2-004ab73a183d,35bb6a0d-53f7-11f1-9b5e-0242ac110002,pathParamSetting,0,Integer,NORMAL_PARAMETER,2026-05-20 10:54:25,2026-05-20 10:54:25
a6a0018b-b281-4f27-a03d-f0c425bbb5d5,f0db6d34-dc86-11f0-a92f-0242ac110002,markerCode,7,String,NORMAL_PARAMETER,2025-12-19 11:00:57,2025-12-19 11:00:57
a6bf506a-0632-472f-8b77-e6436252365e,caab7b0b-d973-11f0-af13-0242ac110002,D,,Double,NORMAL_PARAMETER,2025-12-15 13:06:19,2025-12-15 13:06:19
a6fef388-a3ca-417f-bf9a-1a699cc8d7eb,d10e03d5-e206-11f0-8a89-0242ac110002,safety,,Integer,NORMAL_PARAMETER,2025-12-26 10:58:55,2025-12-26 10:58:55
a710292e-bb24-44af-b7de-581777a32004,6e65264a-dcb5-11f0-a92f-0242ac110002,translation_acc,0.5,Double,NORMAL_PARAMETER,2025-12-19 16:33:45,2025-12-19 16:33:45
a71b0bf0-03e6-48be-ae2c-296632bd97ed,df591577-e2fb-11f0-94b3-0242ac110002,markerCode,17,String,NORMAL_PARAMETER,2025-12-27 16:13:06,2025-12-27 16:13:06
a7ec832e-c4a0-400a-bf55-fc75af8dbae9,defbccc7-db25-11f0-bf4f-0242ac110002,markerCode,2,String,NORMAL_PARAMETER,2025-12-17 16:53:35,2025-12-17 16:53:35
a876723e-7933-4c58-8401-9ef634c87efc,c8471eeb-e071-11f0-8bc0-0242ac110002,P,,Double,NORMAL_PARAMETER,2025-12-24 10:39:34,2025-12-24 12:47:38
a9045b89-3080-48db-aebf-c3a90d3133d5,f0b6197d-53f6-11f1-9b5e-0242ac110002,safety,,Integer,NORMAL_PARAMETER,2026-05-20 10:52:29,2026-05-20 10:52:34
a9227d79-9156-483c-891b-bcc5f1d6c7dc,defbccc7-db25-11f0-bf4f-0242ac110002,agvMapId,09ef6607-da25-11f0-b9ee-0242ac110002,String,NORMAL_PARAMETER,2025-12-17 16:53:35,2025-12-17 16:53:35
a9351545-aa65-46f1-96e6-fa6d7732dc35,f0b6197d-53f6-11f1-9b5e-0242ac110002,markerCode,13,String,NORMAL_PARAMETER,2026-05-20 10:52:29,2026-05-20 10:52:34
a96813c9-08b2-4126-9a30-824a79e53f99,688208b0-d657-11f0-b2a8-0242ac110002,rotate_acc,,Double,NORMAL_PARAMETER,2025-12-11 14:05:35,2025-12-13 14:08:58
a9ee24a3-adce-49b3-95a2-985af8a65120,c8ff5114-d961-11f0-a789-0242ac110002,safety_scanner_region,0,Integer,NORMAL_PARAMETER,2025-12-15 10:57:26,2025-12-15 10:57:26
a9eece57-c0de-495f-823e-b4b9cc48954e,c6ea3b84-dca2-11f0-a92f-0242ac110002,safety,1,Integer,NORMAL_PARAMETER,2025-12-19 14:20:13,2025-12-19 14:20:13
aa2cc43a-bc4c-4c76-9395-54f965cef147,69b62f0d-d657-11f0-b2a8-0242ac110002,markerCode,6,String,NORMAL_PARAMETER,2025-12-11 14:05:37,2025-12-13 14:26:14
aa2d1c19-6cad-4c84-a6f6-c7b085f5ee6b,481ded39-53f4-11f1-9b5e-0242ac110002,agvMapId,7640a72f-53e5-11f1-9b5e-0242ac110002,String,NORMAL_PARAMETER,2026-05-20 10:33:27,2026-05-20 10:41:09
ab660235-0974-49e7-b140-8e93bad61a9a,ea83545b-dcba-11f0-a92f-0242ac110002,safety,1,Integer,NORMAL_PARAMETER,2025-12-19 17:13:01,2025-12-19 17:13:01
ac42a793-dcf4-4a5b-bcc5-ded4df76acd8,c8ff5114-d961-11f0-a789-0242ac110002,features_requested,,Integer,NORMAL_PARAMETER,2025-12-15 10:57:26,2025-12-15 10:57:26
ac7d90eb-6d00-464b-9fef-931b7752dde1,481ded39-53f4-11f1-9b5e-0242ac110002,features_requested,,Integer,NORMAL_PARAMETER,2026-05-20 10:33:27,2026-05-20 10:41:09
ac88b813-7ac5-4eb2-aeb4-9dc5dde0b95f,c693a43c-e071-11f0-8bc0-0242ac110002,translation_acc,,Double,NORMAL_PARAMETER,2025-12-24 10:39:32,2025-12-24 12:47:34
ad3169bc-c365-4f25-8466-8f5c8246b261,35bb6a0d-53f7-11f1-9b5e-0242ac110002,safety_scanner_region,0,Integer,NORMAL_PARAMETER,2026-05-20 10:54:25,2026-05-20 10:54:25
ad82ecfe-148d-47e4-a589-e4f25e069bd6,f8385989-dcb2-11f0-a92f-0242ac110002,max_translation_speed,0.8,Double,NORMAL_PARAMETER,2025-12-19 16:16:08,2025-12-19 16:16:08
add79cfd-1998-4ef8-8fe4-21ff70c4e052,c1b2cfd7-da26-11f0-b9ee-0242ac110002,safety_scanner_region,0,Integer,NORMAL_PARAMETER,2025-12-16 10:27:24,2025-12-16 10:27:24
ae5804eb-a9e0-482c-ac30-97c5164fdbb1,ef6ead38-53f6-11f1-9b5e-0242ac110002,safety,,Integer,NORMAL_PARAMETER,2026-05-20 10:52:27,2026-05-20 10:52:27
ae596fc1-328e-4bb8-9724-cdc7917cf263,512d68b5-53f4-11f1-9b5e-0242ac110002,P,,Double,NORMAL_PARAMETER,2026-05-20 10:33:42,2026-05-20 10:41:16
af06eb44-e5ed-44d7-b1e1-22b1936935e9,b9f656f0-dca1-11f0-a92f-0242ac110002,pathParamSetting,0,Integer,NORMAL_PARAMETER,2025-12-19 14:12:42,2025-12-19 14:12:42
af91ec03-b8d8-4532-97dd-4f1d3ebfe77e,d10e03d5-e206-11f0-8a89-0242ac110002,P,,Double,NORMAL_PARAMETER,2025-12-26 10:58:55,2025-12-26 10:58:55
afe9cd52-34c1-4f6f-b858-09c707f5b65f,1ed0bb13-d721-11f0-a620-0242ac110002,safety,,Integer,NORMAL_PARAMETER,2025-12-12 14:09:30,2025-12-18 08:40:17
b0343729-c587-4d7f-8e83-4e1a7c4dcd0e,91928385-eacb-11f0-b6f4-0242ac110002,markerCode,5,String,NORMAL_PARAMETER,2026-01-06 14:47:29,2026-01-06 14:47:38
b0429910-fa04-4c0b-b65e-a85f0598bf7f,d268e5ba-e206-11f0-8a89-0242ac110002,max_translation_speed,,Double,NORMAL_PARAMETER,2025-12-26 10:58:58,2025-12-26 10:59:02
b062b44e-4c06-4d87-80ad-5b60ae79e6cf,46462261-53f4-11f1-9b5e-0242ac110002,safety,,Integer,NORMAL_PARAMETER,2026-05-20 10:33:24,2026-05-20 10:37:10
b098c5dd-8078-4450-b6b0-87b766d9eea9,c6978b10-dca2-11f0-a92f-0242ac110002,translation_acc,0.5,Double,NORMAL_PARAMETER,2025-12-19 14:20:13,2025-12-19 14:20:13
b0c97e9c-8555-420b-8fc9-8397e37865eb,bab6955c-dae9-11f0-bf4f-0242ac110002,agvMapId,09ef6607-da25-11f0-b9ee-0242ac110002,String,NORMAL_PARAMETER,2025-12-17 09:43:04,2025-12-17 09:43:04
b130579d-7385-41eb-bdc4-d8a48c33126d,c6ea3b84-dca2-11f0-a92f-0242ac110002,agvMapId,09ef6607-da25-11f0-b9ee-0242ac110002,String,NORMAL_PARAMETER,2025-12-19 14:20:13,2025-12-19 14:20:13
b1510c4b-4b27-4f1c-a62e-1a5f38d73d45,194a76da-53f4-11f1-9b5e-0242ac110002,P,,Double,NORMAL_PARAMETER,2026-05-20 10:32:09,2026-05-20 10:32:12
b172500c-46cc-4000-a3c8-b654bebb18ef,3279b256-53f4-11f1-9b5e-0242ac110002,translation_acc,,Double,NORMAL_PARAMETER,2026-05-20 10:32:51,2026-05-20 10:33:00
b285aca6-9bda-4ba5-8c58-31d09c5f720d,3b951953-db27-11f0-bf4f-0242ac110002,agvMapId,09ef6607-da25-11f0-b9ee-0242ac110002,String,NORMAL_PARAMETER,2025-12-17 17:03:20,2025-12-17 17:03:20
b28c3d56-fbd1-4fda-9e0c-435a3fa67ed5,df1ac66a-e2fd-11f0-94b3-0242ac110002,safety,1,Integer,NORMAL_PARAMETER,2025-12-27 16:27:25,2025-12-27 16:27:25
b2db3785-b079-42b3-9c15-1d35ef806fcd,27812992-e2c4-11f0-9a11-0242ac110002,fall_prevent,,Integer,NORMAL_PARAMETER,2025-12-27 09:34:15,2025-12-27 09:34:15
b352883d-bafd-4622-9573-1ba47302c1ee,9db60c0c-e61d-11f0-8548-0242ac110002,safety,,Integer,NORMAL_PARAMETER,2025-12-31 15:52:12,2025-12-31 15:52:18
b35c387d-e012-489e-bc21-13ddca151748,2a02278d-e2c4-11f0-9a11-0242ac110002,P,,Double,NORMAL_PARAMETER,2025-12-27 09:34:19,2025-12-27 09:34:28
b3f8d260-0c98-4514-985f-0bdeff342f99,c31deaea-da26-11f0-b9ee-0242ac110002,markerCode,1,String,NORMAL_PARAMETER,2025-12-16 10:27:27,2025-12-16 10:27:31
b424f333-78e0-4b02-9582-9c13d21031a0,d10e03d5-e206-11f0-8a89-0242ac110002,max_translation_speed,,Double,NORMAL_PARAMETER,2025-12-26 10:58:55,2025-12-26 10:58:55
b430d90a-55b8-4fc1-90c5-0a55927d0d36,d37e9eb8-dc95-11f0-a92f-0242ac110002,max_translation_speed,0.8,Double,NORMAL_PARAMETER,2025-12-19 12:47:31,2025-12-19 12:47:31
b509b3f1-b796-4072-912a-a3b1915f32b6,4deec682-53f4-11f1-9b5e-0242ac110002,operation,1,Integer,NORMAL_PARAMETER,2026-05-20 10:33:37,2026-05-20 10:33:37
b5468f70-6eeb-448e-b6a2-f4dab3365043,311ad41d-53f4-11f1-9b5e-0242ac110002,safety_scanner_region,0,Integer,NORMAL_PARAMETER,2026-05-20 10:32:49,2026-05-20 10:32:49
b54ceee3-21fa-4d57-84d5-d971a0998c35,c8ff5114-d961-11f0-a789-0242ac110002,D,,Double,NORMAL_PARAMETER,2025-12-15 10:57:26,2025-12-15 10:57:26
b5639b21-0aaa-4f45-be2d-54c30a7ac707,dfacc893-e2fb-11f0-94b3-0242ac110002,markerCode,16,String,NORMAL_PARAMETER,2025-12-27 16:13:07,2025-12-27 16:13:07
b5b1faaa-2acd-40a0-aaa0-77aaa01f9cb3,35bb6a0d-53f7-11f1-9b5e-0242ac110002,max_translation_speed,,Double,NORMAL_PARAMETER,2026-05-20 10:54:25,2026-05-20 10:54:25
b63ae5c5-25e6-4355-9e5f-0c8b9619bb95,4bf83e47-db27-11f0-bf4f-0242ac110002,safety_scanner_region,0,Integer,NORMAL_PARAMETER,2025-12-17 17:03:47,2025-12-17 17:03:56
b6612077-bbd1-448c-ab49-c6f2a4bb6d7c,481ded39-53f4-11f1-9b5e-0242ac110002,fall_prevent,,Integer,NORMAL_PARAMETER,2026-05-20 10:33:27,2026-05-20 10:41:09
b675f25f-9884-42f6-8eb6-69420343c44a,decaf3e3-e2fd-11f0-94b3-0242ac110002,pathParamSetting,1,Integer,NORMAL_PARAMETER,2025-12-27 16:27:24,2025-12-27 16:27:24
b6aface1-0384-4fa0-9159-abfcba4b88e9,609f771d-db27-11f0-bf4f-0242ac110002,D,,Double,NORMAL_PARAMETER,2025-12-17 17:04:22,2025-12-17 17:04:22
b70c5d5c-f1e1-489d-ae81-122399600337,dfacc893-e2fb-11f0-94b3-0242ac110002,pathParamSetting,1,Integer,NORMAL_PARAMETER,2025-12-27 16:13:07,2025-12-27 16:13:07
b755ea2f-2c23-4de6-8ca4-42e354e25fb6,d37e9eb8-dc95-11f0-a92f-0242ac110002,translation_acc,0.5,Double,NORMAL_PARAMETER,2025-12-19 12:47:31,2025-12-19 12:47:31
b78bac26-a8c4-42ac-a00f-11b7ccdf58a7,f0db6d34-dc86-11f0-a92f-0242ac110002,P,,Double,NORMAL_PARAMETER,2025-12-19 11:00:57,2025-12-19 11:00:57
b8173c5a-503c-45fe-8bcf-13d98d5b47e7,27812992-e2c4-11f0-9a11-0242ac110002,safety,,Integer,NORMAL_PARAMETER,2025-12-27 09:34:15,2025-12-27 09:34:15
b835c2f4-207c-4693-bb56-27dd8d9c9579,69b62f0d-d657-11f0-b2a8-0242ac110002,rotate_acc,,Double,NORMAL_PARAMETER,2025-12-11 14:05:37,2025-12-13 14:26:14
b8f7bded-72bf-4770-9fd5-8994aad26e78,91928385-eacb-11f0-b6f4-0242ac110002,pathParamSetting,0,Integer,NORMAL_PARAMETER,2026-01-06 14:47:29,2026-01-06 14:47:38
b9103658-b3e0-44fc-96b1-9707700abbe7,c7065b72-dd53-11f0-905f-0242ac110002,max_rotate_speed,,Double,NORMAL_PARAMETER,2025-12-20 11:27:14,2025-12-20 11:27:22
b945ccf6-070e-4338-a2ef-6eb337da303c,49a409a2-dd77-11f0-905f-0242ac110002,markerCode,3,String,NORMAL_PARAMETER,2025-12-20 15:41:26,2025-12-20 15:41:29
b94bd3d2-1bde-4a72-9fda-9e15489d6cb6,8fdffd78-eacb-11f0-b6f4-0242ac110002,fall_prevent,,Integer,NORMAL_PARAMETER,2026-01-06 14:47:26,2026-01-06 14:47:26
ba076e3a-231f-41c1-8ec2-2bb6dc517a44,d3cea9c5-dc95-11f0-a92f-0242ac110002,pathParamSetting,1,Integer,NORMAL_PARAMETER,2025-12-19 12:47:31,2025-12-19 12:47:31
ba0f6965-a45c-47b2-8e33-f7788faa0ed1,c6978b10-dca2-11f0-a92f-0242ac110002,safety,1,Integer,NORMAL_PARAMETER,2025-12-19 14:20:13,2025-12-19 14:20:13
ba229785-1f8a-4b15-8684-f960ce457a0f,c693a43c-e071-11f0-8bc0-0242ac110002,rotate_acc,,Double,NORMAL_PARAMETER,2025-12-24 10:39:32,2025-12-24 12:47:34
ba2d23de-d616-4c63-8052-43607f1e301d,194a76da-53f4-11f1-9b5e-0242ac110002,features_requested,,Integer,NORMAL_PARAMETER,2026-05-20 10:32:09,2026-05-20 10:32:12
ba2f479e-6601-4da6-aca9-ae16c0471ab6,4bf83e47-db27-11f0-bf4f-0242ac110002,max_rotate_speed,,Double,NORMAL_PARAMETER,2025-12-17 17:03:47,2025-12-17 17:03:56
ba682a2b-746c-4a91-b558-2d105e0d5567,ffc517d2-dc84-11f0-a92f-0242ac110002,max_translation_speed,,Double,NORMAL_PARAMETER,2025-12-19 10:47:03,2025-12-19 10:47:13
ba86520d-69f4-4bac-96c5-5a9fdfcb2be2,512d68b5-53f4-11f1-9b5e-0242ac110002,max_rotate_speed,,Double,NORMAL_PARAMETER,2026-05-20 10:33:42,2026-05-20 10:41:16
baccce2e-bbc3-4dc2-9723-a4d3204867ad,9706d573-e61d-11f0-8548-0242ac110002,markerCode,15,String,NORMAL_PARAMETER,2025-12-31 15:52:01,2025-12-31 15:52:01
bb2c0ba2-cf1e-426a-8ddc-63a5156562c4,c1b2cfd7-da26-11f0-b9ee-0242ac110002,features_requested,,Integer,NORMAL_PARAMETER,2025-12-16 10:27:24,2025-12-16 10:27:24
bb6f307b-1fa4-47ff-a949-3f3d478f4e02,d3cea9c5-dc95-11f0-a92f-0242ac110002,max_translation_speed,0.8,Double,NORMAL_PARAMETER,2025-12-19 12:47:31,2025-12-19 12:47:31
bc101d96-418f-408b-bf51-043057d4a038,2336defc-e2f0-11f0-94b3-0242ac110002,sleepTime,5,Int,NORMAL_PARAMETER,2025-12-27 14:49:06,2025-12-27 14:55:42
bc33e196-80ad-495b-b77f-69eed5878ba2,caab7b0b-d973-11f0-af13-0242ac110002,P,,Double,NORMAL_PARAMETER,2025-12-15 13:06:19,2025-12-15 13:06:19
bc806b6b-7995-415a-9aac-8962bf8ff1e1,688208b0-d657-11f0-b2a8-0242ac110002,agvMapId,75e95d6b-d656-11f0-b2a8-0242ac110002,String,NORMAL_PARAMETER,2025-12-11 14:05:35,2025-12-13 14:08:58
bd0f64fb-b1fe-4c1f-9323-a7876db51eb8,df591577-e2fb-11f0-94b3-0242ac110002,translation_acc,0.5,Double,NORMAL_PARAMETER,2025-12-27 16:13:06,2025-12-27 16:13:06
bdccdcce-4e54-48ed-b41d-fe6e3799b809,ebc3fa71-dc89-11f0-a92f-0242ac110002,max_translation_speed,,Double,NORMAL_PARAMETER,2025-12-19 11:22:17,2025-12-19 11:22:17
bdfe9433-b3ad-431e-a57e-3f4df05dad0b,481ded39-53f4-11f1-9b5e-0242ac110002,max_translation_speed,,Double,NORMAL_PARAMETER,2026-05-20 10:33:27,2026-05-20 10:41:09
be7bfd2e-421c-4bd2-8361-5f511240d9cf,0e393f10-db26-11f0-bf4f-0242ac110002,max_translation_speed,,Double,NORMAL_PARAMETER,2025-12-17 16:54:54,2025-12-17 16:54:59
be7d2f4d-68a9-4403-8151-de7c07ad65fd,336eb9cc-e204-11f0-8a89-0242ac110002,fall_prevent,,Integer,NORMAL_PARAMETER,2025-12-26 10:40:12,2025-12-29 18:27:55
bea2f2b8-45f1-41d0-987c-b8d19a5ddf4e,0a9a35a2-e2f0-11f0-94b3-0242ac110002,safety_scanner_region,0,Integer,NORMAL_PARAMETER,2025-12-27 14:48:25,2025-12-27 14:48:25
bee0e6ed-4492-41f6-b674-e6ee22e012d5,1ed0bb13-d721-11f0-a620-0242ac110002,fall_prevent,,Integer,NORMAL_PARAMETER,2025-12-12 14:09:30,2025-12-18 08:40:17
bf28a1c7-c2c7-4c11-bfd3-f4b647cf0c48,512d68b5-53f4-11f1-9b5e-0242ac110002,markerCode,12,String,NORMAL_PARAMETER,2026-05-20 10:33:42,2026-05-20 10:41:16
bfa0031b-e4e3-4f63-9742-21d75b6d709a,479cd504-d7c8-11f0-b3a8-0242ac110002,markerCode,4,String,NORMAL_PARAMETER,2025-12-13 10:06:04,2025-12-13 10:06:04
bfca0781-8236-4dce-8610-e53894dfd6d1,df591577-e2fb-11f0-94b3-0242ac110002,pathParamSetting,1,Integer,NORMAL_PARAMETER,2025-12-27 16:13:06,2025-12-27 16:13:06
c011d1d4-d43a-46d6-86ac-69f8fcca19d1,f0db6d34-dc86-11f0-a92f-0242ac110002,safety,,Integer,NORMAL_PARAMETER,2025-12-19 11:00:57,2025-12-19 11:00:57
c03a40ed-5071-49ed-990f-7ab08eb7621a,1c62f666-53f3-11f1-9b5e-0242ac110002,fall_prevent,,Integer,NORMAL_PARAMETER,2026-05-20 10:25:04,2026-05-20 10:25:04
c080b93e-44b0-47ab-a431-2babcc517462,48994d4c-dd77-11f0-905f-0242ac110002,safety_scanner_region,0,Integer,NORMAL_PARAMETER,2025-12-20 15:41:24,2025-12-20 15:41:24
c0982159-61b7-4c37-aac9-f21703a3ec30,c31deaea-da26-11f0-b9ee-0242ac110002,P,,Double,NORMAL_PARAMETER,2025-12-16 10:27:27,2025-12-16 10:27:31
c0ae10d3-91a6-4e03-9b6a-95a488087267,f0db6d34-dc86-11f0-a92f-0242ac110002,safety_scanner_region,0,Integer,NORMAL_PARAMETER,2025-12-19 11:00:57,2025-12-19 11:00:57
c14fd324-44ec-42f8-842d-76205931e706,ca996955-d961-11f0-a789-0242ac110002,rotate_acc,,Double,NORMAL_PARAMETER,2025-12-15 10:57:28,2025-12-15 10:57:32
c1662768-70c6-40b7-ad1e-a40b9662de31,336eb9cc-e204-11f0-8a89-0242ac110002,max_translation_speed,,Double,NORMAL_PARAMETER,2025-12-26 10:40:12,2025-12-29 18:27:55
c1672477-9354-4f1f-b6f5-9726520d35dc,0e393f10-db26-11f0-bf4f-0242ac110002,max_rotate_speed,,Double,NORMAL_PARAMETER,2025-12-17 16:54:54,2025-12-17 16:54:59
c1678c8b-d8f1-4369-8b18-6dbccc64909e,3f6c6409-dcb5-11f0-a92f-0242ac110002,markerCode,11,String,NORMAL_PARAMETER,2025-12-19 16:32:26,2025-12-19 16:32:26
c1b8d785-2e92-4a38-9003-813104e2a2e2,609f771d-db27-11f0-bf4f-0242ac110002,max_translation_speed,,Double,NORMAL_PARAMETER,2025-12-17 17:04:22,2025-12-17 17:04:22
c1f9fdcd-231b-4835-b6f9-caaa8f7ba416,66b8f702-dae8-11f0-bf4f-0242ac110002,translation_acc,,Double,NORMAL_PARAMETER,2025-12-17 09:33:34,2025-12-17 09:33:34
c24188db-86ea-4a1e-a5bc-f4845c9cbc1b,c1b2cfd7-da26-11f0-b9ee-0242ac110002,P,,Double,NORMAL_PARAMETER,2025-12-16 10:27:24,2025-12-16 10:27:24
c28bd59f-05b3-42b8-8729-394d6732ae35,4bf83e47-db27-11f0-bf4f-0242ac110002,agvMapId,09ef6607-da25-11f0-b9ee-0242ac110002,String,NORMAL_PARAMETER,2025-12-17 17:03:47,2025-12-17 17:03:56
c2916799-b0b4-4a37-8820-e3ab4233b45e,6eb5057e-dcb5-11f0-a92f-0242ac110002,pathParamSetting,1,Integer,NORMAL_PARAMETER,2025-12-19 16:33:46,2025-12-19 16:33:46
c2a36220-f586-4838-af8b-e769707078a3,0e393f10-db26-11f0-bf4f-0242ac110002,safety_scanner_region,0,Integer,NORMAL_PARAMETER,2025-12-17 16:54:54,2025-12-17 16:54:59
c2a636dd-0012-4fe9-af58-26b0eb07107f,512d68b5-53f4-11f1-9b5e-0242ac110002,max_translation_speed,,Double,NORMAL_PARAMETER,2026-05-20 10:33:42,2026-05-20 10:41:16
c2c25b7f-b9dd-4fe4-958d-c820442d5773,b9f656f0-dca1-11f0-a92f-0242ac110002,features_requested,,Integer,NORMAL_PARAMETER,2025-12-19 14:12:42,2025-12-19 14:12:42
c3051ba3-5018-4fcb-ac45-47c3ef7bae34,9067aa1f-e61d-11f0-8548-0242ac110002,script_data,"{
	""id"": ""1"",
	""operation_type"": ""PTZCONTROL"",
	""target"": ""MOS"",
	""operation_detail"": ""LAOHUA"",
	""action_type"": ""111"",
	""operate_params"": {
		""marker"": ""1_1_2"",
		""pallet"": [""anniu_hezha"",""anniu_fenzha""],
		""safe_area"": """",
		""gripper_param"": {
			""recipe"": """"
		},
		""switch_rotate_param"": {},
		""discharge_param"": {
			""mode"": """"
		},
		""handcar_param"": {},
		""GroundSwtich_param"": {}
	}
}",String,NORMAL_PARAMETER,2025-12-31 15:51:50,2025-12-31 15:51:50
c332e492-e4f9-49b0-9b63-f960011b3e60,688208b0-d657-11f0-b2a8-0242ac110002,pathParamSetting,0,Integer,NORMAL_PARAMETER,2025-12-11 14:05:35,2025-12-13 14:08:58
c3656e99-c1f1-401f-9b2d-df5ae12a8c1d,f1ebd328-53f3-11f1-9b5e-0242ac110002,pathParamSetting,0,Integer,NORMAL_PARAMETER,2026-05-20 10:31:03,2026-05-20 10:31:07
c43b1bf9-c353-4faa-a86e-41130fcfee95,336eb9cc-e204-11f0-8a89-0242ac110002,safety,,Integer,NORMAL_PARAMETER,2025-12-26 10:40:12,2025-12-29 18:27:55
c4a88b92-b99c-45b1-b519-05adbbb5f954,ebc3fa71-dc89-11f0-a92f-0242ac110002,safety,,Integer,NORMAL_PARAMETER,2025-12-19 11:22:17,2025-12-19 11:22:17
c4d30e13-bf5c-431b-babe-3165b6706f87,c693a43c-e071-11f0-8bc0-0242ac110002,max_rotate_speed,,Double,NORMAL_PARAMETER,2025-12-24 10:39:32,2025-12-24 12:47:34
c50afbc7-7ce2-4bf0-904f-9db34322d244,595f8f7a-dd51-11f0-905f-0242ac110002,markerCode,14,String,NORMAL_PARAMETER,2025-12-20 11:09:51,2025-12-20 15:13:28
c53aacc7-93b9-42b5-badb-90fb4d048153,3b951953-db27-11f0-bf4f-0242ac110002,P,,Double,NORMAL_PARAMETER,2025-12-17 17:03:20,2025-12-17 17:03:20
c53fa85d-3de9-4b93-9019-937d9e5ef78d,ea83545b-dcba-11f0-a92f-0242ac110002,max_translation_speed,0.8,Double,NORMAL_PARAMETER,2025-12-19 17:13:01,2025-12-19 17:13:01
c58d9461-452d-4120-abb4-32fd5582178c,0a9a35a2-e2f0-11f0-94b3-0242ac110002,translation_acc,,Double,NORMAL_PARAMETER,2025-12-27 14:48:25,2025-12-27 14:48:25
c5a02ece-4dd0-4b83-a7b7-07a56e85704c,f1ebd328-53f3-11f1-9b5e-0242ac110002,P,,Double,NORMAL_PARAMETER,2026-05-20 10:31:03,2026-05-20 10:31:07
c5fc1305-5afe-4440-91c0-26db5394e1d4,9706d573-e61d-11f0-8548-0242ac110002,max_rotate_speed,,Double,NORMAL_PARAMETER,2025-12-31 15:52:01,2025-12-31 15:52:01
c60778e8-729e-499f-8e23-368836e46d10,c8ff5114-d961-11f0-a789-0242ac110002,fall_prevent,,Integer,NORMAL_PARAMETER,2025-12-15 10:57:26,2025-12-15 10:57:26
c64d4252-4229-44e0-8fe6-23d8e24b9af5,512d68b5-53f4-11f1-9b5e-0242ac110002,safety_scanner_region,0,Integer,NORMAL_PARAMETER,2026-05-20 10:33:42,2026-05-20 10:41:16
c64dd879-1cc6-4c89-a0c9-f09f15633dd7,01b19d86-dc9a-11f0-a92f-0242ac110002,agvMapId,09ef6607-da25-11f0-b9ee-0242ac110002,String,NORMAL_PARAMETER,2025-12-19 13:17:26,2025-12-19 13:17:26
c6994218-750a-4675-b57d-1ee7c8aa966a,bab6955c-dae9-11f0-bf4f-0242ac110002,safety,,Integer,NORMAL_PARAMETER,2025-12-17 09:43:04,2025-12-17 09:43:04
c6b9d337-b416-41e8-8855-744eb220545c,01b19d86-dc9a-11f0-a92f-0242ac110002,safety,1,Integer,NORMAL_PARAMETER,2025-12-19 13:17:26,2025-12-19 13:17:26
c6c23b54-4b3e-4ed6-a4be-cdcdedbc59ff,688208b0-d657-11f0-b2a8-0242ac110002,translation_acc,,Double,NORMAL_PARAMETER,2025-12-11 14:05:35,2025-12-13 14:08:58
c8a0a4d1-e12d-4e25-abb1-732f643c097f,c1b2cfd7-da26-11f0-b9ee-0242ac110002,agvMapId,09ef6607-da25-11f0-b9ee-0242ac110002,String,NORMAL_PARAMETER,2025-12-16 10:27:24,2025-12-16 10:27:24
c9414c61-7750-4739-8fb0-69c4eee654ea,1d8a04cf-53f3-11f1-9b5e-0242ac110002,max_rotate_speed,,Double,NORMAL_PARAMETER,2026-05-20 10:25:06,2026-05-20 10:25:12
c96f77b0-2a46-44a3-920a-c5053d66eea8,479cd504-d7c8-11f0-b3a8-0242ac110002,D,,Double,NORMAL_PARAMETER,2025-12-13 10:06:04,2025-12-13 10:06:04
c9b68847-5f6a-4ff6-af57-d8220a7b2680,f1f7b834-dc86-11f0-a92f-0242ac110002,agvMapId,09ef6607-da25-11f0-b9ee-0242ac110002,String,NORMAL_PARAMETER,2025-12-19 11:00:59,2025-12-19 11:01:04
ca3a0288-f512-4639-aa30-03fffa355ee2,c7065b72-dd53-11f0-905f-0242ac110002,P,,Double,NORMAL_PARAMETER,2025-12-20 11:27:14,2025-12-20 11:27:22
caa43708-f8ad-411c-b980-cd3f858637f8,27812992-e2c4-11f0-9a11-0242ac110002,features_requested,,Integer,NORMAL_PARAMETER,2025-12-27 09:34:15,2025-12-27 09:34:15
caf1cf07-f91d-46d6-ad67-cb00d78fa6e1,d268e5ba-e206-11f0-8a89-0242ac110002,features_requested,,Integer,NORMAL_PARAMETER,2025-12-26 10:58:58,2025-12-26 10:59:02
cb3a58a9-c476-4b85-9af1-c1599263bc3b,df1ac66a-e2fd-11f0-94b3-0242ac110002,markerCode,16,String,NORMAL_PARAMETER,2025-12-27 16:27:25,2025-12-27 16:27:25
cbf57d15-d443-4317-904b-1fe5e43a6f59,f0b6197d-53f6-11f1-9b5e-0242ac110002,pathParamSetting,0,Integer,NORMAL_PARAMETER,2026-05-20 10:52:29,2026-05-20 10:52:34
cc575773-941c-4b80-8023-43bae44b19df,c1b2cfd7-da26-11f0-b9ee-0242ac110002,max_rotate_speed,,Double,NORMAL_PARAMETER,2025-12-16 10:27:24,2025-12-16 10:27:24
cc75fc41-7c09-461b-a26f-ab1a9bfaa22d,3279b256-53f4-11f1-9b5e-0242ac110002,pathParamSetting,0,Integer,NORMAL_PARAMETER,2026-05-20 10:32:51,2026-05-20 10:33:00
cc877a71-a594-4ce3-b998-93a8266d922a,f08d0581-53f3-11f1-9b5e-0242ac110002,pathParamSetting,0,Integer,NORMAL_PARAMETER,2026-05-20 10:31:00,2026-05-20 10:31:00
ccc1cd9e-1a14-4142-8e08-8f0636b5833d,b2cc49d0-dcac-11f0-a92f-0242ac110002,markerCode,11,String,NORMAL_PARAMETER,2025-12-19 15:31:14,2025-12-19 15:31:14
ccfb4a70-766c-43c6-8c4e-40a159ef4685,1d7fcdec-d721-11f0-a620-0242ac110002,P,,Double,NORMAL_PARAMETER,2025-12-12 14:09:28,2025-12-18 08:40:10
cd051848-9338-41d5-8b79-bfa3fc6139bd,f8385989-dcb2-11f0-a92f-0242ac110002,markerCode,10,String,NORMAL_PARAMETER,2025-12-19 16:16:08,2025-12-19 16:16:08
cd57f65d-b8e3-4931-a9f0-99fc017e8d49,8fdffd78-eacb-11f0-b6f4-0242ac110002,max_translation_speed,,Double,NORMAL_PARAMETER,2026-01-06 14:47:26,2026-01-06 14:47:26
cd7390cc-5d41-4916-9aa1-dd23ea3dbd3c,c7065b72-dd53-11f0-905f-0242ac110002,max_translation_speed,,Double,NORMAL_PARAMETER,2025-12-20 11:27:14,2025-12-20 11:27:22
cdcdb167-f52a-488f-823d-928f76d81c21,df591577-e2fb-11f0-94b3-0242ac110002,safety,1,Integer,NORMAL_PARAMETER,2025-12-27 16:13:06,2025-12-27 16:13:06
cdf3ca92-1808-4a41-9df3-4d84eedf0e0c,ffc517d2-dc84-11f0-a92f-0242ac110002,rotate_acc,,Double,NORMAL_PARAMETER,2025-12-19 10:47:03,2025-12-19 10:47:13
ce063982-c781-4a1c-8be5-f6edcb3f34a7,35bb6a0d-53f7-11f1-9b5e-0242ac110002,safety,,Integer,NORMAL_PARAMETER,2026-05-20 10:54:25,2026-05-20 10:54:25
cf0d3586-5ad5-43bb-a6fe-e9c2f8bce42d,f1ebd328-53f3-11f1-9b5e-0242ac110002,safety,,Integer,NORMAL_PARAMETER,2026-05-20 10:31:03,2026-05-20 10:31:07
cf83e021-e4e0-4574-b6f7-0d94ea997336,49a409a2-dd77-11f0-905f-0242ac110002,translation_acc,,Double,NORMAL_PARAMETER,2025-12-20 15:41:26,2025-12-20 15:41:29
cfa44094-9ac5-42b6-9666-cf62b08f1c92,6e65264a-dcb5-11f0-a92f-0242ac110002,markerCode,11,String,NORMAL_PARAMETER,2025-12-19 16:33:45,2025-12-19 16:33:45
d01f95c2-185e-4c8d-b881-89f73dee3f00,f1f7b834-dc86-11f0-a92f-0242ac110002,rotate_acc,,Double,NORMAL_PARAMETER,2025-12-19 11:00:59,2025-12-19 11:01:04
d0432365-b33c-4587-bc2c-be20d996fe06,decaf3e3-e2fd-11f0-94b3-0242ac110002,markerCode,16,String,NORMAL_PARAMETER,2025-12-27 16:27:24,2025-12-27 16:27:24
d0701b25-88d5-4698-9cb4-545989a4aa80,e0d1ccf1-db25-11f0-bf4f-0242ac110002,features_requested,,Integer,NORMAL_PARAMETER,2025-12-17 16:53:38,2025-12-17 16:53:49
d08229ef-207f-4b6e-9aff-73b468ca057c,ca996955-d961-11f0-a789-0242ac110002,translation_acc,,Double,NORMAL_PARAMETER,2025-12-15 10:57:28,2025-12-15 10:57:32
d0b24dcb-e50f-4890-87e6-594bfdb04eb1,c31deaea-da26-11f0-b9ee-0242ac110002,rotate_acc,,Double,NORMAL_PARAMETER,2025-12-16 10:27:27,2025-12-16 10:27:31
d0eb3c7d-dfae-4cdc-adca-bb9131220326,336eb9cc-e204-11f0-8a89-0242ac110002,pathParamSetting,0,Integer,NORMAL_PARAMETER,2025-12-26 10:40:12,2025-12-29 18:27:55
d11b50a4-cbdf-4717-92c5-7f1c80f67c91,194a76da-53f4-11f1-9b5e-0242ac110002,safety,,Integer,NORMAL_PARAMETER,2026-05-20 10:32:09,2026-05-20 10:32:12
d14f3b4e-a1dc-4de4-b220-2a1770c31f5a,f888a1a7-dcb2-11f0-a92f-0242ac110002,agvMapId,09ef6607-da25-11f0-b9ee-0242ac110002,String,NORMAL_PARAMETER,2025-12-19 16:16:08,2025-12-19 16:16:08
d1683718-c63d-41b1-84e4-ed5d562c610c,f888a1a7-dcb2-11f0-a92f-0242ac110002,safety,1,Integer,NORMAL_PARAMETER,2025-12-19 16:16:08,2025-12-19 16:16:08
d19d3648-b3ce-408e-a7de-bc8814592e5e,c8ff5114-d961-11f0-a789-0242ac110002,max_translation_speed,,Double,NORMAL_PARAMETER,2025-12-15 10:57:26,2025-12-15 10:57:26
d1ccd5d5-3f59-439f-affc-c697e260f105,f1ebd328-53f3-11f1-9b5e-0242ac110002,features_requested,,Integer,NORMAL_PARAMETER,2026-05-20 10:31:03,2026-05-20 10:31:07
d22cd807-e150-4bb1-8f9f-99312f6ac3a4,ffc517d2-dc84-11f0-a92f-0242ac110002,D,,Double,NORMAL_PARAMETER,2025-12-19 10:47:03,2025-12-19 10:47:13
d25c6025-1e57-4f5f-90b3-8ce827cb4bff,27812992-e2c4-11f0-9a11-0242ac110002,translation_acc,,Double,NORMAL_PARAMETER,2025-12-27 09:34:15,2025-12-27 09:34:15
d2755f27-be4d-4b4a-b720-37e088bfaeaa,1d8a04cf-53f3-11f1-9b5e-0242ac110002,translation_acc,,Double,NORMAL_PARAMETER,2026-05-20 10:25:06,2026-05-20 10:25:12
d29479eb-ff29-4448-bb90-74f6af2051da,b9f656f0-dca1-11f0-a92f-0242ac110002,agvMapId,09ef6607-da25-11f0-b9ee-0242ac110002,String,NORMAL_PARAMETER,2025-12-19 14:12:42,2025-12-19 14:12:42
d2c135c4-4029-4413-b609-144402079e33,688208b0-d657-11f0-b2a8-0242ac110002,safety_scanner_region,0,Integer,NORMAL_PARAMETER,2025-12-11 14:05:35,2025-12-13 14:08:58
d2cadc0c-7a10-43e0-83f3-9c6f8e0156c8,1832ffa7-53f4-11f1-9b5e-0242ac110002,max_translation_speed,,Double,NORMAL_PARAMETER,2026-05-20 10:32:07,2026-05-20 10:32:07
d3bcfce8-38a6-4361-8f98-30cf77191910,f1f7b834-dc86-11f0-a92f-0242ac110002,pathParamSetting,0,Integer,NORMAL_PARAMETER,2025-12-19 11:00:59,2025-12-19 11:01:04
d3d75988-c29f-4588-a1b1-c62e49940dd2,479cd504-d7c8-11f0-b3a8-0242ac110002,safety,,Integer,NORMAL_PARAMETER,2025-12-13 10:06:04,2025-12-13 10:06:04
d4853a70-8e32-4346-8a32-bdf7e6c6373c,2a02278d-e2c4-11f0-9a11-0242ac110002,rotate_acc,,Double,NORMAL_PARAMETER,2025-12-27 09:34:19,2025-12-27 09:34:28
d51599a0-fe6f-4dd0-bd29-cffc23acfd3c,f1f7b834-dc86-11f0-a92f-0242ac110002,safety_scanner_region,0,Integer,NORMAL_PARAMETER,2025-12-19 11:00:59,2025-12-19 11:01:04
d54bf2e5-44ee-4daf-9e70-21f92779ada8,0a9a35a2-e2f0-11f0-94b3-0242ac110002,markerCode,markerCode,String,RUNTIME_PARAMETER,2025-12-27 14:48:25,2025-12-27 14:48:25
d57a5df3-ba63-4bac-b34a-e406fd1d1214,66b8f702-dae8-11f0-bf4f-0242ac110002,max_translation_speed,,Double,NORMAL_PARAMETER,2025-12-17 09:33:34,2025-12-17 09:33:34
d58d0e9a-deb1-4346-a81c-c26a92755528,ffc517d2-dc84-11f0-a92f-0242ac110002,agvMapId,09ef6607-da25-11f0-b9ee-0242ac110002,String,NORMAL_PARAMETER,2025-12-19 10:47:03,2025-12-19 10:47:13
d5957ff7-7d4b-432b-87a0-b540f0c4c9c3,f08d0581-53f3-11f1-9b5e-0242ac110002,rotate_acc,,Double,NORMAL_PARAMETER,2026-05-20 10:31:00,2026-05-20 10:31:00
d5d45c2e-87ae-4643-80b7-19b9700e6856,c1b2cfd7-da26-11f0-b9ee-0242ac110002,fall_prevent,,Integer,NORMAL_PARAMETER,2025-12-16 10:27:24,2025-12-16 10:27:24
d5f8a7be-7433-4abc-9ac2-32dbad68caf6,311ad41d-53f4-11f1-9b5e-0242ac110002,features_requested,,Integer,NORMAL_PARAMETER,2026-05-20 10:32:49,2026-05-20 10:32:49
d5fa7248-d2aa-4dbe-a825-bb2465313b22,48994d4c-dd77-11f0-905f-0242ac110002,markerCode,1,String,NORMAL_PARAMETER,2025-12-20 15:41:24,2025-12-20 15:41:24
d61df919-2b1e-4661-b802-b9796be5c612,8fdffd78-eacb-11f0-b6f4-0242ac110002,agvMapId,09ef6607-da25-11f0-b9ee-0242ac110002,String,NORMAL_PARAMETER,2026-01-06 14:47:26,2026-01-06 14:47:26
d6464901-3c6f-41e7-9ca1-60225fa07027,df1ac66a-e2fd-11f0-94b3-0242ac110002,pathParamSetting,1,Integer,NORMAL_PARAMETER,2025-12-27 16:27:25,2025-12-27 16:27:25
d68a1f0d-7b79-44bd-9ceb-b14631878163,688208b0-d657-11f0-b2a8-0242ac110002,P,,Double,NORMAL_PARAMETER,2025-12-11 14:05:35,2025-12-13 14:08:58
d68d15fb-4829-41c4-b0c9-d533072aa0df,b9f656f0-dca1-11f0-a92f-0242ac110002,max_rotate_speed,,Double,NORMAL_PARAMETER,2025-12-19 14:12:42,2025-12-19 14:12:42
d74049f6-6694-476e-b012-7b3faf0342e0,49a409a2-dd77-11f0-905f-0242ac110002,safety_scanner_region,0,Integer,NORMAL_PARAMETER,2025-12-20 15:41:26,2025-12-20 15:41:29
d7433960-8f1b-4db0-a53a-abcff943e484,ef6ead38-53f6-11f1-9b5e-0242ac110002,fall_prevent,,Integer,NORMAL_PARAMETER,2026-05-20 10:52:27,2026-05-20 10:52:27
d7c23c2a-6200-49d7-8626-54030529d782,91928385-eacb-11f0-b6f4-0242ac110002,safety_scanner_region,0,Integer,NORMAL_PARAMETER,2026-01-06 14:47:29,2026-01-06 14:47:38
d84a4c69-1c3e-4401-9fb6-8414e426f353,59b28faf-db25-11f0-bf4f-0242ac110002,script_data,"{
	""id"": ""1"",
	""operation_type"": ""PTZCONTROL"",
	""target"": ""MOS"",
	""operation_detail"": ""ANNIU_hezha"",
	""action_type"": ""111"",
	""operate_params"": {
		""marker"": ""1_1_2"",
		""pallet"": [""yuanfang"",""jiudi""],
		""safe_area"": """",
		""gripper_param"": {
			""recipe"": """"
		},
		""switch_rotate_param"": {},
		""discharge_param"": {
			""mode"": """"
		},
		""handcar_param"": {},
		""GroundSwtich_param"": {}
	}
}",String,NORMAL_PARAMETER,2025-12-17 16:49:51,2025-12-17 17:29:27
d8dabee2-cf3a-4180-9812-50ceee73d14b,c31deaea-da26-11f0-b9ee-0242ac110002,agvMapId,09ef6607-da25-11f0-b9ee-0242ac110002,String,NORMAL_PARAMETER,2025-12-16 10:27:27,2025-12-16 10:27:31
d8fe0e7f-9926-44d4-a4d6-ac4868ab6729,d37e9eb8-dc95-11f0-a92f-0242ac110002,agvMapId,09ef6607-da25-11f0-b9ee-0242ac110002,String,NORMAL_PARAMETER,2025-12-19 12:47:31,2025-12-19 12:47:31
d99e441c-747a-4796-929b-16c12ae781c4,0e393f10-db26-11f0-bf4f-0242ac110002,markerCode,1,String,NORMAL_PARAMETER,2025-12-17 16:54:54,2025-12-17 16:54:59
d9b6c0f2-884a-403f-9cc8-cc1b95de2506,9db60c0c-e61d-11f0-8548-0242ac110002,max_translation_speed,,Double,NORMAL_PARAMETER,2025-12-31 15:52:12,2025-12-31 15:52:18
da1195d5-b4c3-4507-a4cd-2d37f0222a1b,6eb5057e-dcb5-11f0-a92f-0242ac110002,agvMapId,09ef6607-da25-11f0-b9ee-0242ac110002,String,NORMAL_PARAMETER,2025-12-19 16:33:46,2025-12-19 16:33:46
da5121c2-4943-4ac5-9298-b8255e59b540,1c62f666-53f3-11f1-9b5e-0242ac110002,translation_acc,,Double,NORMAL_PARAMETER,2026-05-20 10:25:04,2026-05-20 10:25:04
da7df9e9-796e-405c-8b86-33f4b300a9f5,0e393f10-db26-11f0-bf4f-0242ac110002,translation_acc,,Double,NORMAL_PARAMETER,2025-12-17 16:54:54,2025-12-17 16:54:59
dab5c52c-0027-44c7-a7d3-2179b56c6c1e,f0db6d34-dc86-11f0-a92f-0242ac110002,features_requested,,Integer,NORMAL_PARAMETER,2025-12-19 11:00:57,2025-12-19 11:00:57
db78ee51-1ee7-4073-a3c1-74fd65efaeaf,dfacc893-e2fb-11f0-94b3-0242ac110002,max_translation_speed,0.8,Double,NORMAL_PARAMETER,2025-12-27 16:13:07,2025-12-27 16:13:07
dbbcb074-f16f-400c-83c8-74ca6584d69c,defbccc7-db25-11f0-bf4f-0242ac110002,P,,Double,NORMAL_PARAMETER,2025-12-17 16:53:35,2025-12-17 16:53:35
dce75ce4-35e9-40a4-a006-e85c0f660cb6,c1b2cfd7-da26-11f0-b9ee-0242ac110002,markerCode,2,String,NORMAL_PARAMETER,2025-12-16 10:27:24,2025-12-16 10:27:24
dd80a929-e1c9-4b2a-a315-0d63899a79b1,bab6955c-dae9-11f0-bf4f-0242ac110002,pathParamSetting,0,Integer,NORMAL_PARAMETER,2025-12-17 09:43:04,2025-12-17 09:43:04
dda6d66e-99fd-4006-ac7c-c05ea2587f88,1d7fcdec-d721-11f0-a620-0242ac110002,agvMapId,09ef6607-da25-11f0-b9ee-0242ac110002,String,NORMAL_PARAMETER,2025-12-12 14:09:28,2025-12-18 08:40:10
ddccb5f1-365b-49e3-b1b8-7ab29d6901f0,dfacc893-e2fb-11f0-94b3-0242ac110002,agvMapId,09ef6607-da25-11f0-b9ee-0242ac110002,String,NORMAL_PARAMETER,2025-12-27 16:13:07,2025-12-27 16:13:07
dddbf0e5-7311-4291-a090-09dc2972d845,fde36284-dc84-11f0-a92f-0242ac110002,rotate_acc,,Double,NORMAL_PARAMETER,2025-12-19 10:47:00,2025-12-19 10:47:00
deaddfb5-f7b6-4be1-a0d9-62843a4984d8,0a9a35a2-e2f0-11f0-94b3-0242ac110002,max_translation_speed,,Double,NORMAL_PARAMETER,2025-12-27 14:48:25,2025-12-27 14:48:25
deed718d-eb1d-4144-94a0-c6de89413e77,4bf83e47-db27-11f0-bf4f-0242ac110002,max_translation_speed,,Double,NORMAL_PARAMETER,2025-12-17 17:03:47,2025-12-17 17:03:56
def22be0-a37a-43d3-b38b-f425056fdaa2,1832ffa7-53f4-11f1-9b5e-0242ac110002,markerCode,5,String,NORMAL_PARAMETER,2026-05-20 10:32:07,2026-05-20 10:32:07
df36e864-6552-45a7-9f65-ec374c822ea4,ffc517d2-dc84-11f0-a92f-0242ac110002,safety,,Integer,NORMAL_PARAMETER,2025-12-19 10:47:03,2025-12-19 10:47:13
df810abc-1436-4eac-b26d-53f1c759537a,2a02278d-e2c4-11f0-9a11-0242ac110002,agvMapId,09ef6607-da25-11f0-b9ee-0242ac110002,String,NORMAL_PARAMETER,2025-12-27 09:34:19,2025-12-27 09:34:28
df823585-d5c4-4594-830d-341a71ad1119,1d8a04cf-53f3-11f1-9b5e-0242ac110002,D,,Double,NORMAL_PARAMETER,2026-05-20 10:25:06,2026-05-20 10:25:12
dfb9f372-d957-4a69-9f84-f52961e6e896,1d8a04cf-53f3-11f1-9b5e-0242ac110002,fall_prevent,,Integer,NORMAL_PARAMETER,2026-05-20 10:25:06,2026-05-20 10:25:12
e009f608-3282-4e83-83d4-dbc7289633fd,defbccc7-db25-11f0-bf4f-0242ac110002,D,,Double,NORMAL_PARAMETER,2025-12-17 16:53:35,2025-12-17 16:53:35
e014315f-de9a-4e7c-bc07-520b8dce8de4,b9f656f0-dca1-11f0-a92f-0242ac110002,fall_prevent,,Integer,NORMAL_PARAMETER,2025-12-19 14:12:42,2025-12-19 14:12:42
e0180f73-df8f-4ba0-82d9-bc3c86a79906,c7065b72-dd53-11f0-905f-0242ac110002,D,,Double,NORMAL_PARAMETER,2025-12-20 11:27:14,2025-12-20 11:27:22
e0685f4c-7b09-446e-bc31-d27a16b5073f,35bb6a0d-53f7-11f1-9b5e-0242ac110002,D,,Double,NORMAL_PARAMETER,2026-05-20 10:54:25,2026-05-20 10:54:25
e06c5038-f92f-441d-922e-a5ce8d1db14e,8fdffd78-eacb-11f0-b6f4-0242ac110002,safety,,Integer,NORMAL_PARAMETER,2026-01-06 14:47:26,2026-01-06 14:47:26
e074fb0c-6940-4eeb-980d-9a35e8f4a181,f1f7b834-dc86-11f0-a92f-0242ac110002,max_rotate_speed,,Double,NORMAL_PARAMETER,2025-12-19 11:00:59,2025-12-19 11:01:04
e0fb46e0-0999-448b-af38-6731f736d659,fde36284-dc84-11f0-a92f-0242ac110002,agvMapId,09ef6607-da25-11f0-b9ee-0242ac110002,String,NORMAL_PARAMETER,2025-12-19 10:47:00,2025-12-19 10:47:00
e1319129-d99f-43fc-8835-33ae33b45462,27812992-e2c4-11f0-9a11-0242ac110002,D,,Double,NORMAL_PARAMETER,2025-12-27 09:34:15,2025-12-27 09:34:15
e27cdbaa-b714-4795-8144-987dc3e340ac,336eb9cc-e204-11f0-8a89-0242ac110002,markerCode,9,String,NORMAL_PARAMETER,2025-12-26 10:40:12,2025-12-29 18:27:55
e296176c-1cd2-41f6-a9fc-1fb56830a4e0,4bf83e47-db27-11f0-bf4f-0242ac110002,D,,Double,NORMAL_PARAMETER,2025-12-17 17:03:47,2025-12-17 17:03:56
e2ffc3f3-800d-4e5c-9684-f4b6faf93598,0e393f10-db26-11f0-bf4f-0242ac110002,features_requested,,Integer,NORMAL_PARAMETER,2025-12-17 16:54:54,2025-12-17 16:54:59
e3154f23-e657-45f6-8c64-43fe07412881,f1ebd328-53f3-11f1-9b5e-0242ac110002,fall_prevent,,Integer,NORMAL_PARAMETER,2026-05-20 10:31:03,2026-05-20 10:31:07
e3206402-e68d-4688-87de-166782ccf223,d268e5ba-e206-11f0-8a89-0242ac110002,fall_prevent,,Integer,NORMAL_PARAMETER,2025-12-26 10:58:58,2025-12-26 10:59:02
e34409f1-c0a1-4ab4-a00c-574d862adbea,ca996955-d961-11f0-a789-0242ac110002,pathParamSetting,0,Integer,NORMAL_PARAMETER,2025-12-15 10:57:28,2025-12-15 10:57:32
e3ee8302-97a4-4ffc-b836-314945da03c3,1d8a04cf-53f3-11f1-9b5e-0242ac110002,pathParamSetting,0,Integer,NORMAL_PARAMETER,2026-05-20 10:25:06,2026-05-20 10:25:12
e456088d-9626-4795-a20f-c2245ae87bc4,caab7b0b-d973-11f0-af13-0242ac110002,translation_acc,,Double,NORMAL_PARAMETER,2025-12-15 13:06:19,2025-12-15 13:06:19
e4819c2f-658f-4959-82d8-2a77dbc10fbb,c31deaea-da26-11f0-b9ee-0242ac110002,max_rotate_speed,,Double,NORMAL_PARAMETER,2025-12-16 10:27:27,2025-12-16 10:27:31
e4bda1e2-630f-4321-81e3-e6b9379f137e,6eb5057e-dcb5-11f0-a92f-0242ac110002,markerCode,10,String,NORMAL_PARAMETER,2025-12-19 16:33:46,2025-12-19 16:33:46
e4d2fd64-3b7e-43bf-a00a-8889b12d17a9,1832ffa7-53f4-11f1-9b5e-0242ac110002,agvMapId,7640a72f-53e5-11f1-9b5e-0242ac110002,String,NORMAL_PARAMETER,2026-05-20 10:32:07,2026-05-20 10:32:07
e577db86-8e41-4405-9787-1a7fd30d4f47,f0b6197d-53f6-11f1-9b5e-0242ac110002,translation_acc,,Double,NORMAL_PARAMETER,2026-05-20 10:52:29,2026-05-20 10:52:34
e5821e65-2e4d-4686-905b-694fdbf8cd87,0a9a35a2-e2f0-11f0-94b3-0242ac110002,P,,Double,NORMAL_PARAMETER,2025-12-27 14:48:25,2025-12-27 14:48:25
e5c54ad5-9150-42c6-a418-cf7435799a9c,c8471eeb-e071-11f0-8bc0-0242ac110002,max_translation_speed,,Double,NORMAL_PARAMETER,2025-12-24 10:39:34,2025-12-24 12:47:38
e5cfd746-508d-4b1a-a5c6-1bc339a9d6eb,b9f656f0-dca1-11f0-a92f-0242ac110002,D,,Double,NORMAL_PARAMETER,2025-12-19 14:12:42,2025-12-19 14:12:42
e5d1e281-2096-4542-ab1a-8455539f4f16,f0b6197d-53f6-11f1-9b5e-0242ac110002,features_requested,,Integer,NORMAL_PARAMETER,2026-05-20 10:52:29,2026-05-20 10:52:34
e6e6b08b-b6da-4005-8a0a-5bdc23730b42,c8471eeb-e071-11f0-8bc0-0242ac110002,fall_prevent,,Integer,NORMAL_PARAMETER,2025-12-24 10:39:34,2025-12-24 12:47:38
e7142b01-90cb-4bad-ad87-005a9381a644,8fdffd78-eacb-11f0-b6f4-0242ac110002,features_requested,,Integer,NORMAL_PARAMETER,2026-01-06 14:47:26,2026-01-06 14:47:26
e7370679-979c-45b5-8c71-2b5c93119d2e,ea320469-dcba-11f0-a92f-0242ac110002,translation_acc,0.5,Double,NORMAL_PARAMETER,2025-12-19 17:13:00,2025-12-19 17:13:00
e7b43b90-f6bd-4d84-b720-8abb10d86e03,ca996955-d961-11f0-a789-0242ac110002,fall_prevent,,Integer,NORMAL_PARAMETER,2025-12-15 10:57:28,2025-12-15 10:57:32
e7c7ccb9-3a96-424e-86cc-e6f167da3295,01b19d86-dc9a-11f0-a92f-0242ac110002,pathParamSetting,1,Integer,NORMAL_PARAMETER,2025-12-19 13:17:26,2025-12-19 13:17:26
e8536444-fb17-42aa-96a1-5593dbec9a78,91928385-eacb-11f0-b6f4-0242ac110002,features_requested,,Integer,NORMAL_PARAMETER,2026-01-06 14:47:29,2026-01-06 14:47:38
e8b60d14-c1f1-40a1-8c43-02956c7718c7,8fdffd78-eacb-11f0-b6f4-0242ac110002,P,,Double,NORMAL_PARAMETER,2026-01-06 14:47:26,2026-01-06 14:47:26
e94333d5-1965-4888-bd49-340a69d1baa3,aac0b459-2be7-11f1-b2d0-0242ac110002,script_data,a,String,RUNTIME_PARAMETER,2026-03-30 11:22:23,2026-03-30 11:22:23
e974c180-6fec-4595-af5d-b4baf471aa05,3fbd8798-dcb5-11f0-a92f-0242ac110002,translation_acc,0.5,Double,NORMAL_PARAMETER,2025-12-19 16:32:27,2025-12-19 16:32:27
e99b3632-d6a2-4e0f-a6c7-75acb0c8aa10,2a02278d-e2c4-11f0-9a11-0242ac110002,D,,Double,NORMAL_PARAMETER,2025-12-27 09:34:19,2025-12-27 09:34:28
e9bb8ead-7d35-4166-8c42-ed7632d3e9be,ef6ead38-53f6-11f1-9b5e-0242ac110002,agvMapId,7640a72f-53e5-11f1-9b5e-0242ac110002,String,NORMAL_PARAMETER,2026-05-20 10:52:27,2026-05-20 10:52:27
ea1702bd-4ab3-4831-a3f4-09ae2df05aec,336eb9cc-e204-11f0-8a89-0242ac110002,translation_acc,,Double,NORMAL_PARAMETER,2025-12-26 10:40:12,2025-12-29 18:27:55
ea8f8784-9551-4b1c-97c3-399901fb817a,8fdffd78-eacb-11f0-b6f4-0242ac110002,rotate_acc,,Double,NORMAL_PARAMETER,2026-01-06 14:47:26,2026-01-06 14:47:26
eaa57d0d-d32a-415c-bb81-ecc4c2a34e05,48994d4c-dd77-11f0-905f-0242ac110002,safety,,Integer,NORMAL_PARAMETER,2025-12-20 15:41:24,2025-12-20 15:41:24
eac9888e-7465-46f5-9a88-cb454e00721b,c1b2cfd7-da26-11f0-b9ee-0242ac110002,safety,,Integer,NORMAL_PARAMETER,2025-12-16 10:27:24,2025-12-16 10:27:24
eacb3095-2e7b-4a14-bbd9-5ac2c091c3e7,512d68b5-53f4-11f1-9b5e-0242ac110002,translation_acc,,Double,NORMAL_PARAMETER,2026-05-20 10:33:42,2026-05-20 10:41:16
eae0cddd-63ff-44aa-a1e5-2fca8e0861ea,2a02278d-e2c4-11f0-9a11-0242ac110002,max_translation_speed,,Double,NORMAL_PARAMETER,2025-12-27 09:34:19,2025-12-27 09:34:28
eae58975-14c4-4711-8d23-2f637712668e,f1ebd328-53f3-11f1-9b5e-0242ac110002,markerCode,5,String,NORMAL_PARAMETER,2026-05-20 10:31:03,2026-05-20 10:31:07
eb44fc79-0309-4755-b155-35c566beb271,6eb5057e-dcb5-11f0-a92f-0242ac110002,safety,1,Integer,NORMAL_PARAMETER,2025-12-19 16:33:46,2025-12-19 16:33:46
eb72ee26-1e28-4a48-8102-254334ed2cfd,e52681f4-da5b-11f0-aaf4-0242ac110002,script_data,"{
	""id"": ""1"",
	""operation_type"": ""PTZCONTROL"",
	""target"": ""MOS"",
	""operation_detail"": ""shouche_in"",
	""action_type"": ""111"",
	""operate_params"": {
		""marker"": ""1_1_21"",
		""pallet"": [""0"",""0Toyuanfang""],
		""safe_area"": """",
		""gripper_param"": {
			""recipe"": """"
		},
		""switch_rotate_param"": {},
		""discharge_param"": {
			""mode"": """"
		},
		""handcar_param"": {},
		""GroundSwtich_param"": {}
	}
}",String,NORMAL_PARAMETER,2025-12-16 16:47:47,2025-12-16 16:47:47
ebbbad39-cf45-49fb-8417-f0f3c17addcc,46462261-53f4-11f1-9b5e-0242ac110002,safety_scanner_region,0,Integer,NORMAL_PARAMETER,2026-05-20 10:33:24,2026-05-20 10:37:10
ebef89a5-e5c2-405a-b2e9-bbac795f593a,69b62f0d-d657-11f0-b2a8-0242ac110002,D,,Double,NORMAL_PARAMETER,2025-12-11 14:05:37,2025-12-13 14:26:14
ebf67a67-95e0-46e4-a4c2-edc8484d42be,3fbd8798-dcb5-11f0-a92f-0242ac110002,safety,1,Integer,NORMAL_PARAMETER,2025-12-19 16:32:27,2025-12-19 16:32:27
ec0c6230-a4c1-47fb-af5c-ab84c6d875d7,46462261-53f4-11f1-9b5e-0242ac110002,rotate_acc,,Double,NORMAL_PARAMETER,2026-05-20 10:33:24,2026-05-20 10:37:10
ec0d7fd1-6ab0-4658-ace0-04165acaf7db,9db60c0c-e61d-11f0-8548-0242ac110002,rotate_acc,,Double,NORMAL_PARAMETER,2025-12-31 15:52:12,2025-12-31 15:52:18
ec374eeb-e8f3-40f9-8495-c47c0642b3b9,311ad41d-53f4-11f1-9b5e-0242ac110002,translation_acc,,Double,NORMAL_PARAMETER,2026-05-20 10:32:49,2026-05-20 10:32:49
ec42fc35-edb2-49ae-a167-821d0958482d,ed86a414-da5b-11f0-aaf4-0242ac110002,script_data,"{
	""id"": ""1"",
	""operation_type"": ""PTZCONTROL"",
	""target"": ""MOS"",
	""operation_detail"": ""shouche_out"",
	""action_type"": ""111"",
	""operate_params"": {
		""marker"": ""1_1_21"",
		""pallet"": [""0"",""0Toyuanfang""],
		""safe_area"": """",
		""gripper_param"": {
			""recipe"": """"
		},
		""switch_rotate_param"": {},
		""discharge_param"": {
			""mode"": """"
		},
		""handcar_param"": {},
		""GroundSwtich_param"": {}
	}
}",String,NORMAL_PARAMETER,2025-12-16 16:48:01,2025-12-16 16:48:11
ed112d0a-f607-4c26-81f4-7667e53fc4db,ea320469-dcba-11f0-a92f-0242ac110002,markerCode,9,String,NORMAL_PARAMETER,2025-12-19 17:13:00,2025-12-19 17:13:00
ed397311-fcf9-4e14-b587-1cb3a2f58a71,688208b0-d657-11f0-b2a8-0242ac110002,features_requested,,Integer,NORMAL_PARAMETER,2025-12-11 14:05:35,2025-12-13 14:08:58
edc229c9-1871-4357-a76d-79551870c8a3,c31deaea-da26-11f0-b9ee-0242ac110002,D,,Double,NORMAL_PARAMETER,2025-12-16 10:27:27,2025-12-16 10:27:31
edef4f40-7545-428a-aa50-bb1a0a53bc5b,f0b6197d-53f6-11f1-9b5e-0242ac110002,P,,Double,NORMAL_PARAMETER,2026-05-20 10:52:29,2026-05-20 10:52:34
ee64e3fa-e922-452c-88c8-b7f2e36f4964,2a02278d-e2c4-11f0-9a11-0242ac110002,features_requested,,Integer,NORMAL_PARAMETER,2025-12-27 09:34:19,2025-12-27 09:34:28
ee9e93e2-0aba-4f92-bd1b-a049eb326bff,fde36284-dc84-11f0-a92f-0242ac110002,max_translation_speed,,Double,NORMAL_PARAMETER,2025-12-19 10:47:00,2025-12-19 10:47:00
ee9ebd3e-2a92-43f6-9587-fd900d9446bc,ffc517d2-dc84-11f0-a92f-0242ac110002,safety_scanner_region,0,Integer,NORMAL_PARAMETER,2025-12-19 10:47:03,2025-12-19 10:47:13
eedd90bb-2a08-4ead-ac91-6d471a0c388a,ee78f4bb-dc89-11f0-a92f-0242ac110002,translation_acc,,Double,NORMAL_PARAMETER,2025-12-19 11:22:22,2025-12-19 11:22:28
eedf52e3-dda1-4eb2-acee-37e3ad814a72,ef6ead38-53f6-11f1-9b5e-0242ac110002,translation_acc,,Double,NORMAL_PARAMETER,2026-05-20 10:52:27,2026-05-20 10:52:27
ef36d3d0-488c-4358-9063-bfb7ed871fba,479cd504-d7c8-11f0-b3a8-0242ac110002,fall_prevent,,Integer,NORMAL_PARAMETER,2025-12-13 10:06:04,2025-12-13 10:06:04
ef564cae-77be-4390-accb-74cffd281c8a,3f6c6409-dcb5-11f0-a92f-0242ac110002,agvMapId,09ef6607-da25-11f0-b9ee-0242ac110002,String,NORMAL_PARAMETER,2025-12-19 16:32:26,2025-12-19 16:32:26
efa3eabd-8681-4bae-8e71-cfdc34e2c509,c31deaea-da26-11f0-b9ee-0242ac110002,safety,,Integer,NORMAL_PARAMETER,2025-12-16 10:27:27,2025-12-16 10:27:31
efcf1ba2-20b8-4609-8a73-f531177b2c6e,015f04f6-dc9a-11f0-a92f-0242ac110002,agvMapId,09ef6607-da25-11f0-b9ee-0242ac110002,String,NORMAL_PARAMETER,2025-12-19 13:17:26,2025-12-19 13:17:26
efede5e0-31f1-4048-9624-49e7adfcfcf2,c8471eeb-e071-11f0-8bc0-0242ac110002,max_rotate_speed,,Double,NORMAL_PARAMETER,2025-12-24 10:39:34,2025-12-24 12:47:38
f01ab9f8-edcd-4332-a74e-a9eac1da8883,0e393f10-db26-11f0-bf4f-0242ac110002,fall_prevent,,Integer,NORMAL_PARAMETER,2025-12-17 16:54:54,2025-12-17 16:54:59
f07a7b7f-b434-48b8-b4ea-233b6c83d95a,c1b2cfd7-da26-11f0-b9ee-0242ac110002,max_translation_speed,,Double,NORMAL_PARAMETER,2025-12-16 10:27:24,2025-12-16 10:27:24
f089932c-5140-41d9-a8f7-b2c849e14606,595f8f7a-dd51-11f0-905f-0242ac110002,safety_scanner_region,0,Integer,NORMAL_PARAMETER,2025-12-20 11:09:51,2025-12-20 15:13:28
f11342b5-dd31-4dbf-a08a-08e1319b5c74,1ed0bb13-d721-11f0-a620-0242ac110002,agvMapId,09ef6607-da25-11f0-b9ee-0242ac110002,String,NORMAL_PARAMETER,2025-12-12 14:09:30,2025-12-18 08:40:17
f1267677-ab65-436a-b165-c58169c7c38e,f1f7b834-dc86-11f0-a92f-0242ac110002,markerCode,8,String,NORMAL_PARAMETER,2025-12-19 11:00:59,2025-12-19 11:01:04
f1942854-c866-47f4-ad35-b526b4f66cbd,c7065b72-dd53-11f0-905f-0242ac110002,safety,,Integer,NORMAL_PARAMETER,2025-12-20 11:27:14,2025-12-20 11:27:22
f21b6ef9-5a12-4da4-b44e-dc5606e0d2e8,6eb5057e-dcb5-11f0-a92f-0242ac110002,translation_acc,0.5,Double,NORMAL_PARAMETER,2025-12-19 16:33:46,2025-12-19 16:33:46
f24f9e10-8b9a-4420-9ab9-1751fa25e236,ea83545b-dcba-11f0-a92f-0242ac110002,markerCode,10,String,NORMAL_PARAMETER,2025-12-19 17:13:01,2025-12-19 17:13:01
f250d9ad-2ad6-4f73-94c7-65f51f89e861,ffc517d2-dc84-11f0-a92f-0242ac110002,P,,Double,NORMAL_PARAMETER,2025-12-19 10:47:03,2025-12-19 10:47:13
f29da281-fba5-4588-85e4-3fef2e5799b8,5b7157f0-dd51-11f0-905f-0242ac110002,max_translation_speed,,Double,NORMAL_PARAMETER,2025-12-20 11:09:54,2025-12-20 15:13:32
f2ea85e5-bac3-40a5-a0ca-b834d08d5a15,0a9a35a2-e2f0-11f0-94b3-0242ac110002,D,,Double,NORMAL_PARAMETER,2025-12-27 14:48:25,2025-12-27 14:48:25
f30e063f-b88f-4407-ab29-9d57224f4e75,e0d1ccf1-db25-11f0-bf4f-0242ac110002,max_translation_speed,,Double,NORMAL_PARAMETER,2025-12-17 16:53:38,2025-12-17 16:53:49
f3e857a5-1d79-4d8b-8aeb-044e2c4fc14c,5b7157f0-dd51-11f0-905f-0242ac110002,markerCode,15,String,NORMAL_PARAMETER,2025-12-20 11:09:54,2025-12-20 15:13:32
f432760a-3eb1-49a5-8090-64aa679bd642,35bb6a0d-53f7-11f1-9b5e-0242ac110002,rotate_acc,,Double,NORMAL_PARAMETER,2026-05-20 10:54:25,2026-05-20 10:54:25
f4988848-2ba4-4bc0-a706-14edcc27981f,caab7b0b-d973-11f0-af13-0242ac110002,agvMapId,0411202b-d961-11f0-a789-0242ac110002,String,NORMAL_PARAMETER,2025-12-15 13:06:19,2025-12-15 13:06:19
f594d372-f9d4-4d1d-827f-b61127e0e942,f0db6d34-dc86-11f0-a92f-0242ac110002,translation_acc,,Double,NORMAL_PARAMETER,2025-12-19 11:00:57,2025-12-19 11:00:57
f5edb33e-adc2-4ab7-a441-88969460d55c,194a76da-53f4-11f1-9b5e-0242ac110002,D,,Double,NORMAL_PARAMETER,2026-05-20 10:32:09,2026-05-20 10:32:12
f5fe47d2-5cb2-4288-9f28-04c2bbdb4fc2,3f6c6409-dcb5-11f0-a92f-0242ac110002,max_translation_speed,0.8,Double,NORMAL_PARAMETER,2025-12-19 16:32:26,2025-12-19 16:32:26
f60740cf-17d2-4fec-a5bc-97eb66b9aa99,3f6c6409-dcb5-11f0-a92f-0242ac110002,pathParamSetting,1,Integer,NORMAL_PARAMETER,2025-12-19 16:32:26,2025-12-19 16:32:26
f61a0ef7-ca9c-47f3-b253-5235aa2bfa9e,194a76da-53f4-11f1-9b5e-0242ac110002,pathParamSetting,0,Integer,NORMAL_PARAMETER,2026-05-20 10:32:09,2026-05-20 10:32:12
f651a0a0-e8c9-4166-91d6-dd222fe3c84d,1d7fcdec-d721-11f0-a620-0242ac110002,fall_prevent,,Integer,NORMAL_PARAMETER,2025-12-12 14:09:28,2025-12-18 08:40:10
f6a93016-ef51-4959-83ba-b86a6e23c37f,f8385989-dcb2-11f0-a92f-0242ac110002,agvMapId,09ef6607-da25-11f0-b9ee-0242ac110002,String,NORMAL_PARAMETER,2025-12-19 16:16:08,2025-12-19 16:16:08
f6b12cf8-9b1b-47bc-8c18-baa4dbce394e,609f771d-db27-11f0-bf4f-0242ac110002,fall_prevent,,Integer,NORMAL_PARAMETER,2025-12-17 17:04:22,2025-12-17 17:04:22
f6d9ef5a-4fab-43e7-8d19-eac57904c384,c6ea3b84-dca2-11f0-a92f-0242ac110002,pathParamSetting,1,Integer,NORMAL_PARAMETER,2025-12-19 14:20:13,2025-12-19 14:20:13
f6eb470e-b933-439c-a9ed-43d69b961e43,48994d4c-dd77-11f0-905f-0242ac110002,max_rotate_speed,,Double,NORMAL_PARAMETER,2025-12-20 15:41:24,2025-12-20 15:41:24
f6f132e4-e078-4461-ba0d-db852371c07f,c6ea3b84-dca2-11f0-a92f-0242ac110002,markerCode,10,String,NORMAL_PARAMETER,2025-12-19 14:20:13,2025-12-19 14:20:13
f6f2c643-683d-487d-8211-405e16e5e34e,defbccc7-db25-11f0-bf4f-0242ac110002,max_rotate_speed,,Double,NORMAL_PARAMETER,2025-12-17 16:53:35,2025-12-17 16:53:35
f71d7826-aafb-4a0c-8c2a-d77dff74da74,bab6955c-dae9-11f0-bf4f-0242ac110002,rotate_acc,,Double,NORMAL_PARAMETER,2025-12-17 09:43:04,2025-12-17 09:43:04
f72e2a51-c84b-42ef-b34b-4591bb25c5e6,512d68b5-53f4-11f1-9b5e-0242ac110002,fall_prevent,,Integer,NORMAL_PARAMETER,2026-05-20 10:33:42,2026-05-20 10:41:16
f7453745-b8b8-4f95-8969-799b57660655,c7065b72-dd53-11f0-905f-0242ac110002,features_requested,,Integer,NORMAL_PARAMETER,2025-12-20 11:27:14,2025-12-20 11:27:22
f789e654-4ce3-45f8-a62e-89a44bf5a337,5b7157f0-dd51-11f0-905f-0242ac110002,pathParamSetting,0,Integer,NORMAL_PARAMETER,2025-12-20 11:09:54,2025-12-20 15:13:32
f7a28141-a6b2-4cfd-b2b4-fc2300a9f1b7,35bb6a0d-53f7-11f1-9b5e-0242ac110002,agvMapId,7640a72f-53e5-11f1-9b5e-0242ac110002,String,NORMAL_PARAMETER,2026-05-20 10:54:25,2026-05-20 10:54:25
f7b8ee5c-1387-466d-a411-d179fb5c852f,1c62f666-53f3-11f1-9b5e-0242ac110002,safety_scanner_region,0,Integer,NORMAL_PARAMETER,2026-05-20 10:25:04,2026-05-20 10:25:04
f7f987bc-ce45-46b8-8cd9-1c84dbe3c925,c8ff5114-d961-11f0-a789-0242ac110002,P,,Double,NORMAL_PARAMETER,2025-12-15 10:57:26,2025-12-15 10:57:26
f860d56e-529a-4474-86b3-1df9aa11260c,c693a43c-e071-11f0-8bc0-0242ac110002,pathParamSetting,0,Integer,NORMAL_PARAMETER,2025-12-24 10:39:32,2025-12-24 12:47:34
f889e05b-c662-4ae7-8aa8-d5246cafefd7,0e393f10-db26-11f0-bf4f-0242ac110002,agvMapId,09ef6607-da25-11f0-b9ee-0242ac110002,String,NORMAL_PARAMETER,2025-12-17 16:54:54,2025-12-17 16:54:59
f894ad98-f142-4ab3-b5b1-9bafb8a33813,c1b2cfd7-da26-11f0-b9ee-0242ac110002,D,,Double,NORMAL_PARAMETER,2025-12-16 10:27:24,2025-12-16 10:27:24
f8c4c21f-a6ce-45c5-b2d1-730f76538f0d,2a02278d-e2c4-11f0-9a11-0242ac110002,fall_prevent,,Integer,NORMAL_PARAMETER,2025-12-27 09:34:19,2025-12-27 09:34:28
f8ca11f5-7ee5-4c0e-9c3e-a0a1797094d3,df1ac66a-e2fd-11f0-94b3-0242ac110002,max_translation_speed,0.8,Double,NORMAL_PARAMETER,2025-12-27 16:27:25,2025-12-27 16:27:25
f90bf1cc-a8cb-452e-ae1f-9cff6c42c33f,5b7157f0-dd51-11f0-905f-0242ac110002,safety,,Integer,NORMAL_PARAMETER,2025-12-20 11:09:54,2025-12-20 15:13:32
f94c4689-3c28-4293-977e-a7d96aa013e8,fde36284-dc84-11f0-a92f-0242ac110002,markerCode,6,String,NORMAL_PARAMETER,2025-12-19 10:47:00,2025-12-19 10:47:00
f95cf9dc-3faa-47f4-8227-09243e2c1f73,b2cc49d0-dcac-11f0-a92f-0242ac110002,max_translation_speed,0.8,Double,NORMAL_PARAMETER,2025-12-19 15:31:14,2025-12-19 15:31:14
f962839b-d6d5-4284-a198-6e684085e848,fde36284-dc84-11f0-a92f-0242ac110002,P,,Double,NORMAL_PARAMETER,2025-12-19 10:47:00,2025-12-19 10:47:00
f97e3703-0279-448a-a875-33900055cccc,5b7157f0-dd51-11f0-905f-0242ac110002,safety_scanner_region,0,Integer,NORMAL_PARAMETER,2025-12-20 11:09:54,2025-12-20 15:13:32
f9aecfff-80aa-41e0-9f42-5f3d52a24d6a,66b8f702-dae8-11f0-bf4f-0242ac110002,fall_prevent,,Integer,NORMAL_PARAMETER,2025-12-17 09:33:34,2025-12-17 09:33:34
f9b4fa39-a7ac-4cb0-ad4d-0b131fb186a9,9706d573-e61d-11f0-8548-0242ac110002,agvMapId,386e71bb-d958-11f0-bfc1-0242ac110002,String,NORMAL_PARAMETER,2025-12-31 15:52:01,2025-12-31 15:52:01
f9cdcfbb-6a59-4dda-88dc-5886d1a5ca6c,2336defc-e2f0-11f0-94b3-0242ac110002,homing_time,5,Int,NORMAL_PARAMETER,2025-12-27 14:49:06,2025-12-27 14:55:42
fa2636a9-f8f4-49df-9e17-148cd793132a,fde36284-dc84-11f0-a92f-0242ac110002,features_requested,,Integer,NORMAL_PARAMETER,2025-12-19 10:47:00,2025-12-19 10:47:00
fab98440-55e1-411f-a83d-2cded25f95a8,f888a1a7-dcb2-11f0-a92f-0242ac110002,pathParamSetting,1,Integer,NORMAL_PARAMETER,2025-12-19 16:16:08,2025-12-19 16:16:08
fabd7111-8b79-42b3-9294-4612c14cb337,609f771d-db27-11f0-bf4f-0242ac110002,safety,,Integer,NORMAL_PARAMETER,2025-12-17 17:04:22,2025-12-17 17:04:22
fb3001b7-9d84-4667-9154-ea3d3d50d5c9,2a02278d-e2c4-11f0-9a11-0242ac110002,max_rotate_speed,,Double,NORMAL_PARAMETER,2025-12-27 09:34:19,2025-12-27 09:34:28
fb51b317-306b-4715-b515-c07195599097,1ed0bb13-d721-11f0-a620-0242ac110002,P,,Double,NORMAL_PARAMETER,2025-12-12 14:09:30,2025-12-18 08:40:17
fd08cdfc-dce6-4e42-9aae-9c1f70673560,1ed0bb13-d721-11f0-a620-0242ac110002,max_rotate_speed,,Double,NORMAL_PARAMETER,2025-12-12 14:09:30,2025-12-18 08:40:17
fd1fa9fd-327f-4b8b-9e68-5c259d0de697,4bf83e47-db27-11f0-bf4f-0242ac110002,safety,,Integer,NORMAL_PARAMETER,2025-12-17 17:03:47,2025-12-17 17:03:56
fd4afc7b-376b-4a2b-95b1-39f9f24b52a4,479cd504-d7c8-11f0-b3a8-0242ac110002,rotate_acc,,Double,NORMAL_PARAMETER,2025-12-13 10:06:04,2025-12-13 10:06:04
fd694adc-3dbe-49dd-85fa-75bbbe731959,bab6955c-dae9-11f0-bf4f-0242ac110002,markerCode,1,String,NORMAL_PARAMETER,2025-12-17 09:43:04,2025-12-17 09:43:04
fd6e2014-2521-4297-a950-a8680fbb8105,3279b256-53f4-11f1-9b5e-0242ac110002,fall_prevent,,Integer,NORMAL_PARAMETER,2026-05-20 10:32:51,2026-05-20 10:33:00
fd9568da-6866-410d-b8ff-fa70541741ce,d10e03d5-e206-11f0-8a89-0242ac110002,safety_scanner_region,0,Integer,NORMAL_PARAMETER,2025-12-26 10:58:55,2025-12-26 10:58:55
fdab9ac8-fb46-4606-81ca-c663e5fd2f03,d268e5ba-e206-11f0-8a89-0242ac110002,pathParamSetting,0,Integer,NORMAL_PARAMETER,2025-12-26 10:58:58,2025-12-26 10:59:02
fdc982ad-75bd-4167-9a8f-76af02811758,c31deaea-da26-11f0-b9ee-0242ac110002,features_requested,,Integer,NORMAL_PARAMETER,2025-12-16 10:27:27,2025-12-16 10:27:31
fe6b89bb-b1ad-4822-bb3a-aeb59dd7ca5a,9706d573-e61d-11f0-8548-0242ac110002,pathParamSetting,0,Integer,NORMAL_PARAMETER,2025-12-31 15:52:01,2025-12-31 15:52:01
fefde154-8a0b-451b-a621-80d4d38dffd4,c8ff5114-d961-11f0-a789-0242ac110002,pathParamSetting,0,Integer,NORMAL_PARAMETER,2025-12-15 10:57:26,2025-12-15 10:57:26
ff001343-20d5-4b03-9f0f-813dc6f8001d,f0db6d34-dc86-11f0-a92f-0242ac110002,max_translation_speed,,Double,NORMAL_PARAMETER,2025-12-19 11:00:57,2025-12-19 11:00:57
ff389cc8-4122-4d3f-ac1c-e33609ae3486,b2cc49d0-dcac-11f0-a92f-0242ac110002,agvMapId,09ef6607-da25-11f0-b9ee-0242ac110002,String,NORMAL_PARAMETER,2025-12-19 15:31:14,2025-12-19 15:31:14
